ID_Gudang,Latitude,Longitude,Kapasitas
G0001,-1.8313147377118835,102.33295711182524,93697
G0002,-5.71940216929799,114.50391514447438,36695
G0003,5.576039155763567,138.7539098994838,26669
G0004,2.3800885820898277,133.92650042675578,20098
G0005,-8.532843148010555,98.36376274642588,71324
G0006,-4.912656998054781,127.3285535773789,56998
G0007,4.276987634478802,132.78436823394875,18060
G0008,-0.848703336455694,113.65242260274127,39441
G0009,-8.972773437866236,116.5632645479404,96635
G0010,-9.054691389709502,101.6136155502705,88052
G0011,-8.829084627470523,99.38022206351184,92406
G0012,-10.355156786292538,138.36960112530517,89618
G0013,-1.809685878989221,124.11352334177087,28949
G0014,0.5535073574308385,138.84215972025154,48868
G0015,-3.3511966595262317,115.78660330233895,44349
G0016,-2.632450324352508,100.82073235634286,5888
G0017,-9.651833550111881,123.31148117388119,51471
G0018,-5.233963280797558,112.22893040977202,34809
G0019,0.4711423667873067,108.46382739170602,18420
G0020,-4.044072311374789,135.2312972415012,97991
G0021,-7.146958374153425,122.53309087131964,17362
G0022,-2.7045196151638304,104.60355402405015,47379
G0023,-8.621142269724622,112.52909044953005,34120
G0024,-3.967435654890604,121.00444494599981,11508
G0025,-1.1033657195745903,113.78298499255055,5728
G0026,-7.713269943219247,128.77281297066807,13069
G0027,3.899066191145941,113.48520856128192,73940
G0028,-4.751670006380453,140.54473231979944,10337
G0029,-10.041707165391061,140.7248563456321,53683
G0030,-9.374302842668502,134.9916407213598,91571
G0031,2.1922113906956664,134.19375961809467,66980
G0032,5.8220517205490445,133.98982437425443,85115
G0033,-10.065725484449803,99.00426566316126,54242
G0034,-6.823058577983938,138.8903413664559,43585
G0035,2.237965267868123,99.53630521113008,86051
G0036,-7.331052018717205,121.1435809261186,38106
G0037,2.7321044785090933,126.11151248427078,99146
G0038,1.0593802165850477,105.91530611278891,87070
G0039,-3.0979728424738804,108.69691200568589,11096
G0040,-9.408505522626433,127.28919678196507,49282
G0041,-6.400768951160141,104.38762807488783,41196
G0042,-5.74901728151294,127.4968052513583,28028
G0043,5.550963777256438,116.22346210478565,44128
G0044,4.769700567458443,135.97199379569392,85036
G0045,-10.328058586415196,116.06540701468694,42435
G0046,3.132007677601216,129.64626794854752,15883
G0047,-2.299511635413321,116.47716108548101,78579
G0048,-1.9198788881131623,123.01862968656528,27841
G0049,0.2852730611112353,99.87211911494738,31375
G0050,4.770322819806426,98.32078242003365,87132
G0051,4.332107433226939,138.39862735624013,37470
G0052,0.43767288622546374,140.0298203546983,87732
G0053,-0.45176660090848486,139.67631148549088,66547
G0054,-7.943727695162725,129.1903078792579,34822
G0055,-10.144689030626454,118.37045707132921,11712
G0056,2.9265587161578264,101.53864917301942,14258
G0057,-5.947883586159484,96.44259807897109,74472
G0058,-0.9916228042296922,132.5925114642012,62433
G0059,3.353092322399494,106.40842333574251,25897
G0060,4.024874975604087,109.61043675445391,5924
G0061,0.0975060866352635,126.87441311806005,95961
G0062,-8.720554604394156,105.78473673532922,88138
G0063,-0.8536939613492756,140.13270289373736,51594
G0064,-4.049745835234292,96.79790070074965,13734
G0065,-10.04085726796009,95.79977209044971,29945
G0066,5.797327873187061,133.82024379920102,25019
G0067,-5.739927265101435,136.09484581136388,18522
G0068,-2.0426155543316344,140.44517302057483,38991
G0069,2.8851645280017255,95.2250512574315,24097
G0070,-2.4126857381552345,108.4623344286154,21909
G0071,-6.920912083892815,120.14227171948966,72544
G0072,-7.97158878942758,132.76238757154462,55242
G0073,4.664273478089564,140.07158032718922,25548
G0074,-3.7958078043721644,139.0659878299807,82390
G0075,-6.2061834186955425,130.51658541019196,17224
G0076,-2.3548540977520798,128.55972687232168,20788
G0077,-7.160966744199751,140.98322083652388,70828
G0078,-6.058897592014608,139.71872801381264,6654
G0079,1.8768693709086381,109.65079262844009,47375
G0080,2.395597756469824,111.81051893442071,69236
G0081,-5.64265384556052,137.29164962514636,5984
G0082,-9.987277487272031,99.39929550909046,20445
G0083,-4.575327489141904,102.5596127008068,35931
G0084,0.5183901332239813,133.06098238065294,16620
G0085,4.451284934772243,135.4626034365052,83112
G0086,1.560775522893037,126.37413826958189,72954
G0087,-8.090254056618598,128.91452737956848,84612
G0088,-2.569110652247957,103.23908205267418,35749
G0089,-5.6208783162210665,96.2613776637602,62113
G0090,1.0352220253585713,124.88379424382542,79563
G0091,5.495608852859188,113.77059164251236,47141
G0092,-8.559047863331816,103.66786294192927,7851
G0093,-5.856488649412253,113.80174795619078,61360
G0094,-1.2912851164611165,109.5697563050546,68229
G0095,-7.692943634992121,140.3251972965329,50763
G0096,-4.275469016828675,125.99980708331614,94827
G0097,2.868468978668833,103.43766648672056,28012
G0098,-5.153870218056652,116.4063131813837,91378
G0099,-7.984807855716095,125.90462306756945,63068
G0100,-5.307272456037335,132.57640287975272,31780
G0101,1.720267769666398,128.4978226112812,69269
G0102,-6.068999522571476,107.02925943300346,47960
G0103,-0.5338092352169141,129.128997252622,63127
G0104,2.7960820110936826,122.15302569158868,78506
G0105,-8.098853338158234,126.94337486549692,41573
G0106,3.225425150183886,101.65417853347269,98059
G0107,-3.844080033334606,114.94559695952756,96503
G0108,1.1455123904660223,116.76168679667754,42786
G0109,4.119614640631999,106.10269303450741,82119
G0110,4.837112263356634,99.71588828942251,94741
G0111,-4.823713290689824,95.18270214856204,72140
G0112,5.7993215689502975,109.15233846731053,46496
G0113,-1.6654567604897927,125.01891025882878,11214
G0114,2.119191381045093,98.7983330394043,38804
G0115,-3.965733249905176,111.88156062768877,45398
G0116,-5.438430961844354,118.64935652036104,39635
G0117,0.4815342735065702,104.68257000430359,86478
G0118,-8.15329119880277,140.67580287778708,38698
G0119,4.408155427481237,134.47556475244056,54382
G0120,4.218012986672829,119.24454102490591,56062
G0121,5.376230035685854,134.74451599067842,13953
G0122,-4.557749411327408,127.41863597103793,12661
G0123,-7.0663246377261775,110.3595874501638,59735
G0124,-4.948338487794796,123.45975840474242,89073
G0125,-1.708585950329251,104.06040358336637,23765
G0126,-10.328357394795308,121.80436635686272,6147
G0127,-2.356794038028447,99.54161997198624,54770
G0128,-10.592481150211494,114.11293747630907,84422
G0129,2.5947213138767484,123.02188884312889,82509
G0130,-3.3275351351672553,112.2707949560472,16392
G0131,-6.707001043406517,101.36233954724055,69307
G0132,-10.134618374986774,100.34953185686454,66660
G0133,-0.8517700066949558,109.03152277840087,72225
G0134,-2.8035344275532808,139.8456524828017,22572
G0135,3.3059079303005845,136.67846417816753,79628
G0136,4.6396522315711515,136.29080736800196,73857
G0137,-2.2179233157624623,127.14890126459065,24644
G0138,-6.000435514107696,138.27098459105102,5736
G0139,-7.856374339266283,105.19908593088856,54863
G0140,-10.038765764665774,132.15246669229194,93080
G0141,-3.5747475634424895,127.70611261168726,76785
G0142,-2.593815732439216,140.99138336470904,60622
G0143,-7.3823759456624165,120.69939950744184,99555
G0144,-9.772039493765071,108.07434473811858,78270
G0145,1.5757259398563566,95.07686346588714,93708
G0146,-1.6828638496365969,137.00800659368286,61451
G0147,3.97488218855632,137.42588019833275,29903
G0148,2.4284090078115756,132.39689405191177,8078
G0149,-9.45163648068933,116.9940374804022,10733
G0150,-0.10631339499402159,106.66212176876424,42168
G0151,4.334387482734778,118.69505195148227,97515
G0152,0.26566228764486155,98.55123217410595,64420
G0153,-1.213152021173233,102.68511542568149,69936
G0154,4.3315845943261895,104.35702849706942,5649
G0155,-1.2130425276112664,101.42017726746474,38703
G0156,5.00177200257146,124.37355305757605,12874
G0157,1.4966886827019135,106.97888456342871,44644
G0158,-7.972844087669178,111.57451656639203,57518
G0159,-9.747930979580023,117.70930295707635,59578
G0160,3.5086675856205147,116.05891886427385,51229
G0161,-0.34944798936768784,115.70470716088252,98970
G0162,1.569498354057611,138.7866154373043,71454
G0163,-10.240895553965274,119.11337828715274,76859
G0164,-9.918503149099713,128.9194006286634,18907
G0165,4.1246165191632045,137.54103282848754,82614
G0166,-7.426142412297555,110.67976462419239,79852
G0167,2.3630958664467236,113.18836861923728,94273
G0168,-9.997272532855167,140.43778189464376,47444
G0169,0.5793550780252357,124.12134061582876,29745
G0170,3.924370894055148,118.17350683073664,48121
G0171,-0.6286568213695354,127.43939021062377,71447
G0172,5.551353247156719,137.22547240413843,71590
G0173,-4.6383445489797674,120.33161751782647,64892
G0174,-10.523770485717753,128.04146623305743,64061
G0175,1.4911956035072578,137.90232153992156,30423
G0176,-2.2948199826132516,139.5886310302343,18098
G0177,0.5515391009921888,102.86985145925831,65894
G0178,5.021932028174611,110.5268847680576,14806
G0179,-6.72164392238701,140.82027390289485,25108
G0180,-7.4694514406440735,133.7309458513615,84571
G0181,-4.029941020932375,137.15300194405756,17001
G0182,-1.0771783176161662,132.0417793119227,68922
G0183,3.6677560732521712,129.4756376882368,75885
G0184,-1.0877717567728293,105.3631155206235,56691
G0185,2.8608622690018706,123.89608974827566,53281
G0186,-0.8474615568198907,130.71257754419452,61499
G0187,2.1924448754803922,134.23117971672582,45255
G0188,2.775203064095665,102.96596121520601,32960
G0189,5.938439350790084,128.70331166748304,36896
G0190,0.6007196546544584,99.3389629990703,15196
G0191,-9.574616515996041,136.02270376564968,37157
G0192,3.0549792040964956,107.8416329165423,42536
G0193,-0.12006064888426948,111.22737302459765,19740
G0194,-7.084426249961747,97.11720645608992,13127
G0195,-2.310199441990962,124.09244168075308,53869
G0196,3.2992469784757503,95.29274098627988,96478
G0197,-7.7653369116352335,105.01221220129987,95853
G0198,-0.04242553544489169,95.399973243869,23868
G0199,5.396837992739773,128.7953846000689,83619
G0200,-1.3488088341700877,136.0068349651018,8935
G0201,5.758674634101315,131.4145460241872,57571
G0202,3.753944211360837,124.9141319872437,38839
G0203,-4.371951813118884,138.97924712270725,39074
G0204,-8.785589442865604,131.98979346668605,25587
G0205,2.0840648049182633,137.38026322309634,79212
G0206,1.933010328280945,99.43078894623277,83984
G0207,2.8047246303459463,107.29422219432496,83673
G0208,-10.36350643994524,109.13822821820821,61597
G0209,5.520945955279231,138.2477220620343,47940
G0210,-6.680616528724999,122.4888795813174,26567
G0211,-1.7497367146489893,115.50380988447723,9405
G0212,-8.377804152487343,102.50179972835083,40527
G0213,-7.321832614543314,117.73354601840845,94031
G0214,-8.499660916755447,139.93395233031924,30378
G0215,4.678702911879681,105.43005223213355,40194
G0216,-4.243206640673976,110.83124476101835,59137
G0217,-3.9962419197412524,110.69451632602214,63518
G0218,3.2486763677378896,97.14214767995632,47811
G0219,-7.90087823066477,104.1211965166469,18972
G0220,4.805841835843703,126.91524345752407,78442
G0221,-10.381595938784525,107.48767609261554,83946
G0222,4.4713678808672785,116.28670978361534,81287
G0223,-2.980898194395621,134.4396706407946,51371
G0224,-6.655729851579432,131.75367219452843,36534
G0225,5.950045097298528,133.0308810452615,87762
G0226,-4.809917930699407,130.76588886320684,33893
G0227,0.22102331937756148,114.70484772267221,76489
G0228,-4.144961375237816,123.19570679080115,29578
G0229,3.185650138658806,104.0208172300083,40558
G0230,3.32902471153003,133.9909447370067,89666
G0231,-6.570471113865889,98.44264056911305,74228
G0232,-5.112460291729788,138.62076402458226,56388
G0233,0.05022991912478325,133.12589846413067,90636
G0234,3.162949020339642,104.40011572088235,16294
G0235,2.3865358655047757,130.0191622563056,21082
G0236,-2.7718462570126494,110.04060436520268,41944
G0237,5.756997346817663,127.40904395883442,56880
G0238,-8.677328294009953,102.46248297525061,44068
G0239,0.6785541650658242,134.5176806695854,51945
G0240,-3.4772621861159108,125.61208584062751,67488
G0241,-10.843906869518657,107.71368496881453,46155
G0242,-3.062393423173422,135.85251794275518,9447
G0243,5.336511791043968,121.69884050399921,61809
G0244,1.1654830046100635,129.63317933569846,5353
G0245,-9.637083344000946,140.47042417520248,41298
G0246,-2.7777487567520236,115.61311955944376,20805
G0247,0.3438866081376535,106.26446908697758,88586
G0248,3.0162364957417704,133.347130346967,47415
G0249,-10.942580119207236,103.21056529717048,91755
G0250,-3.630384559850998,105.95283718835262,87002
G0251,-6.5067190462089695,115.08996426877543,6919
G0252,0.7257001819306694,135.51262271325774,73150
G0253,-9.130065567071908,110.63949977394017,85882
G0254,0.5679141306557032,134.61446762112843,34669
G0255,-8.133410383422923,126.13709587199465,80577
G0256,-2.7996917228607927,112.88197010892895,78740
G0257,-9.3923840053226,108.53770990485377,76514
G0258,3.2332146913285182,109.43784417354689,68946
G0259,1.7300470166146393,104.48517892128436,60256
G0260,-5.876803327676791,113.39653077915534,34326
G0261,-7.830930795292474,129.16358545090077,59204
G0262,2.1932985929952586,110.0917389282814,83605
G0263,-7.233715624565397,103.44543706787834,92070
G0264,-5.315766775981599,111.02211654692151,61728
G0265,-7.475165562050137,113.22639783005327,37956
G0266,-6.099736995530461,138.21138318171415,11047
G0267,-3.0119372391832684,123.53947478646066,16403
G0268,2.877181607460777,134.22280645948243,49936
G0269,1.919946002366876,111.966950422466,17733
G0270,-8.280200295558146,140.47999183852914,24385
G0271,-2.5268940723851117,105.0231873701303,15818
G0272,-10.964595047349693,111.91989127329637,32323
G0273,-9.909445602399687,107.93714774309773,19264
G0274,-0.3585059192743394,132.73361478264667,30825
G0275,-2.2282181035664053,111.18522162192544,25737
G0276,4.896914503486931,134.33559290028154,89410
G0277,2.584011292651642,115.55307612664757,95745
G0278,-7.225347008884862,111.94552824387719,55118
G0279,-1.2257270690153383,115.50284553243624,36845
G0280,5.582391322201964,124.41613573296465,74282
G0281,-1.3246871615450306,101.48536712410343,44758
G0282,-5.785611901593896,106.11386112166167,94425
G0283,-1.5776947791964808,102.57733361928793,79946
G0284,-9.91198652020553,114.6501291779962,50284
G0285,-9.445110969184448,102.82276977658194,75336
G0286,2.3711352408433513,116.2401118452888,9033
G0287,3.4031430694177836,120.35259144897941,63993
G0288,-7.778364382447666,113.59014000258402,40307
G0289,-9.715994876908454,96.00645187256738,87183
G0290,-4.791470749544418,110.87371715892621,80337
G0291,1.080434627208163,115.39280344019406,77595
G0292,4.463560527638069,106.36605773878208,8307
G0293,-5.901577025908632,131.8427631460518,60516
G0294,-2.7059426326658045,131.21104273135978,26159
G0295,-7.9164348437852645,104.20505636655082,94292
G0296,-7.534571500480042,113.40858034226345,45109
G0297,-7.333383832386423,98.90377081635516,87789
G0298,-3.1671516633376893,131.61861416860756,84078
G0299,-5.3949214400344125,120.84320840168257,16125
G0300,-9.820993532883245,139.58624830724608,33175
G0301,-9.230286685219884,119.30224183802514,64505
G0302,-0.16073614629802435,120.10597742509614,56056
G0303,-0.33226519612561844,113.91456137560718,35011
G0304,2.2774470507394007,131.24152251479163,89800
G0305,0.5728358891170693,111.25081269272252,93158
G0306,2.063536271099636,95.1649049899045,13543
G0307,5.411109299761851,120.13161921152205,43248
G0308,-7.627021459794877,111.32638162973987,56023
G0309,1.7417511522237774,97.70536201324765,50886
G0310,5.089598976706245,111.3962995492012,12889
G0311,-10.395494294574435,138.09822176316112,73912
G0312,-5.41469101037061,131.4445429533065,27310
G0313,5.335340417762161,99.43798018725758,75183
G0314,5.97233395654359,116.18199767885929,77268
G0315,-5.802365712321105,100.49490819652802,56275
G0316,3.4628439722962803,103.87581317639454,11403
G0317,-10.139700319732633,123.00993743918085,74220
G0318,-3.409609035917015,95.44766378180769,76768
G0319,-5.180365445831259,123.99559383270234,31798
G0320,-0.9629312658792646,104.55927237173618,30248
G0321,3.756177272376773,137.28066388843632,76434
G0322,-9.088265029309817,96.5789451023545,65005
G0323,0.9112364309783096,95.26984810929208,25062
G0324,0.6844904314388494,121.14437034238128,8056
G0325,2.1116523457362906,99.57450484257754,49998
G0326,-2.0898813984044313,112.72432212553662,22304
G0327,-7.015467450314874,120.53981322852125,43982
G0328,-10.381700580583281,121.12826789825701,43648
G0329,5.515743209031797,120.33253548221056,87312
G0330,-10.103735319412827,110.67742034595148,63743
G0331,-1.1253427651426762,130.083421447775,7466
G0332,-5.952525662032855,117.38751674499858,58542
G0333,1.2398991963121322,134.350685097106,6161
G0334,-10.23431534441858,99.17696776978819,50441
G0335,1.2921748886075175,106.50613626751937,28602
G0336,-6.447329742525083,97.80915586772267,8806
G0337,-1.0021219315431207,108.2120820688053,97683
G0338,-4.5907322495432865,135.89440741004984,27014
G0339,-7.6277899528227255,136.9403656233974,23800
G0340,-5.3628957908045045,133.1534646009173,40120
G0341,0.37329754943013604,113.533400982732,65987
G0342,-10.808411603703513,127.6744336499226,94586
G0343,-2.3633384069006755,135.5864533032358,10329
G0344,-7.984441485934625,139.93650246355685,88325
G0345,-0.9707347150935828,107.38988311141702,15213
G0346,2.845071315913394,129.73883555926892,36618
G0347,-2.129400414512178,100.33795228869474,31651
G0348,-4.051804558651771,95.11650460453006,16675
G0349,-0.8707530873066673,137.29674309818674,77722
G0350,-6.840287842172197,125.97852562136322,48871
G0351,-10.996598337705722,139.75103624337868,5387
G0352,1.3945519128601322,126.76171075274183,72157
G0353,3.032334461466281,111.20616108030089,10658
G0354,0.8257026153613367,127.49336331523688,27112
G0355,4.990554241601695,131.3613490447106,25920
G0356,-9.451244402885473,96.89833197550742,12490
G0357,-9.58029747575404,133.05571487154302,44027
G0358,-3.2287031450547747,115.9231919020387,56546
G0359,-0.16650085263638204,107.18787285960849,78516
G0360,-1.8240809600991614,117.64695972659646,88516
G0361,-4.896905538804212,95.53056235196382,14399
G0362,-4.904279879075412,105.67523795417569,33079
G0363,-3.6849672477914526,121.08130315927761,82621
G0364,-10.477381800427466,101.8722816119709,75001
G0365,-0.5174724898677034,135.16951378707694,5707
G0366,-6.611374190046767,140.36800607177085,21068
G0367,-6.525299841251017,101.76129234826385,91982
G0368,2.9941889869968605,127.88558955103373,64160
G0369,-0.2768368697205048,129.8676906753791,58991
G0370,-1.600763844297143,113.10778317134401,81779
G0371,-4.663130086681366,129.14531353451292,18280
G0372,-3.0902282307804496,139.52433725178662,8576
G0373,2.88101147234892,129.84976830432444,84292
G0374,-4.58291055509617,132.44640212244715,8530
G0375,-5.915129074294425,122.72659496068482,14517
G0376,-4.60172447450308,135.27769811622392,78103
G0377,-5.341731422723878,136.7171835450098,80392
G0378,0.36513305120172035,106.42889407354886,53233
G0379,5.530422668775973,101.65862265859649,66732
G0380,-10.449948176795449,113.48045959194766,53227
G0381,-0.10770496045019762,109.7105894701014,64998
G0382,-3.019999777284262,117.27730344875312,7136
G0383,5.285417133154894,115.07259346794854,13996
G0384,-4.76330370957702,103.18434480246641,13190
G0385,-10.00010904622727,119.29323429941854,67719
G0386,-3.6760212755600516,111.04471026547226,77931
G0387,-8.27584377672635,135.3715672821187,14462
G0388,-7.274775760108552,135.10941112105283,69024
G0389,4.099802436204531,117.15057806850879,38586
G0390,-2.2607647259378503,102.13928991882604,64339
G0391,4.453120093833569,132.63746233194325,53921
G0392,-4.709370790671698,101.78678440495071,24718
G0393,1.1269421377000945,112.26309286028489,75368
G0394,2.494529836292573,109.55875021557644,77955
G0395,-10.371508579785786,119.25084566956109,66977
G0396,4.627741306672416,133.8537354604605,86731
G0397,-10.343570785817947,98.3698755516595,41692
G0398,-10.712821956554547,105.05146766777531,22183
G0399,2.304548316920174,108.79196658487012,29255
G0400,-6.273516369009232,140.94926881623766,25771
G0401,-3.266369070198773,109.53177295112967,91409
G0402,-6.4212410825975885,138.32564975244884,43543
G0403,1.6604574306177646,101.33275283790984,14007
G0404,-4.072230004493619,105.07415383787,30910
G0405,-1.224472235213252,103.83281971202209,96318
G0406,1.5153271106891708,104.83428712525267,74651
G0407,-4.393247693322522,113.96410065180598,5910
G0408,-9.711136834063261,106.8039949332512,54487
G0409,3.961278648964658,123.70441440172581,66412
G0410,-3.7439868341538842,107.6455663009157,23460
G0411,-2.0736695188691616,123.55766117162692,15606
G0412,5.554742324751029,98.69890003477099,50593
G0413,-6.209758617768259,101.65774422909887,38060
G0414,-8.629847997392433,119.00517456908126,88683
G0415,0.17594623682887267,117.08437068002398,73461
G0416,-5.894656682234796,139.45479374040818,35311
G0417,3.5006917743758557,138.65148528374473,51870
G0418,3.8369979918018196,109.06850506509349,96972
G0419,-9.331765256895324,133.2277938926668,23046
G0420,5.725372011425254,95.67525425441191,93054
G0421,1.9499798111063207,132.86364598107122,9181
G0422,-9.957823686324137,116.25442052832712,72947
G0423,5.804332565386563,127.74794645684716,74759
G0424,-10.207948331690824,118.57216978967546,36258
G0425,-8.547908721284632,134.3500720829195,74533
G0426,-6.6637846818150885,118.79450466213206,69608
G0427,-0.25300403554240347,108.2137525402847,33680
G0428,4.388517923866921,137.8856653443028,85629
G0429,-6.936006302342049,102.0404795166369,64334
G0430,-4.667978249437866,117.16365682944084,49380
G0431,-8.828939762845526,100.73577439713084,68001
G0432,-1.3443790704235319,99.61570136752897,16540
G0433,1.7990145434812277,97.73111834400214,86761
G0434,-2.9544247710224916,107.96163984081409,42868
G0435,-6.076064831169882,130.13321714324965,65544
G0436,-5.762375677001733,127.31658304160914,38048
G0437,3.2582709685309688,132.80263161322617,57175
G0438,2.8380212604069364,108.70429033098257,91097
G0439,0.47830577446524636,117.1869571760093,93750
G0440,-1.0162647377590268,123.98741165968535,70531
G0441,-7.221704942511124,110.623735504814,62267
G0442,3.4868301947897375,110.48310615250351,42256
G0443,-0.9991628698753754,104.93389370688402,32824
G0444,3.658013500898509,118.9885377216375,31052
G0445,-7.571386598315245,137.39800524010704,25053
G0446,-0.3204342373036191,98.79643199862531,97015
G0447,0.6002046199963917,139.65264863169182,60140
G0448,-2.2901528988091897,136.22886088702904,68795
G0449,-10.544845826107395,113.01027894962331,22867
G0450,-3.311437424054062,96.52902166489929,71655
G0451,-1.8646755579721646,96.18168504295923,46400
G0452,-0.5977607162765448,138.88236539156205,24905
G0453,-5.186595075880376,122.92611407174769,44940
G0454,3.4940942792391514,126.90728953399406,31009
G0455,-0.9973092198730775,109.3839025221392,89907
G0456,4.962455115043841,134.31697479110517,74117
G0457,-0.9048344939977664,103.68835539434266,58391
G0458,-0.4368741708430921,127.20338167020961,91045
G0459,3.069600785553922,101.3690585005433,37599
G0460,2.8229519823136684,138.72102801172989,14456
G0461,-2.74798952369963,135.61184605545066,40196
G0462,-10.269906414615487,134.9330451474499,52567
G0463,2.2796445611889133,140.81386278642293,56943
G0464,1.3200918156062666,105.7035380484848,52382
G0465,4.6364326610497315,137.11424031951182,79451
G0466,-3.720024228102548,126.88761398579437,72197
G0467,-0.36445511792694596,132.39045586784803,43525
G0468,-1.055850590777096,113.67656979044719,83345
G0469,-3.5890173077221093,130.27769968437644,43297
G0470,-1.3400374610714039,127.8036233758865,70966
G0471,-3.5893477510461516,129.08081035919616,63334
G0472,-7.96410490445999,110.59585190175997,22597
G0473,-2.0555242541792076,107.02282465172969,41631
G0474,-8.324273261806528,135.60506110728363,89888
G0475,-0.049721024526700575,113.82694371518146,46711
G0476,1.9365783624577855,132.07942523300852,88050
G0477,-8.33171559503379,126.97070155531682,81691
G0478,-6.6714843171506875,103.43260003125435,95978
G0479,-6.57411156726462,102.95497645739486,67561
G0480,-6.409970363132844,129.74512673617323,90663
G0481,2.603133799415213,140.46081322309314,12247
G0482,-4.708785929141699,137.62629309254203,60093
G0483,-3.600143504899929,104.17289908899792,22913
G0484,5.749574288691697,108.401104238671,66761
G0485,0.7452420184946273,136.4063520766456,13100
G0486,-6.395628459284411,135.75015340731306,34953
G0487,-6.611344719074432,101.23854998204445,19432
G0488,-10.716842563694836,100.82042807203452,54853
G0489,-8.889304030320282,107.32019784950057,21477
G0490,-0.6526270046536364,130.7543418434053,36086
G0491,5.993654418331044,131.7675700783072,6725
G0492,0.6162709359144181,114.83641233791357,72480
G0493,-4.561395466638387,126.47388743923835,40453
G0494,5.124718333933636,103.11458120080935,70743
G0495,-7.669875054950882,99.96606839759212,29200
G0496,-1.9194923842169143,135.88167331378628,54204
G0497,2.7059827224186996,127.29624346516387,50409
G0498,2.9566281079869245,126.63465299411875,99845
G0499,4.780134185398957,99.6094744100096,73734
G0500,-10.400133144636905,130.8804192268866,28135
G0501,5.564099098922441,110.84676404586224,75779
G0502,-6.091808114824808,136.26433589528997,18489
G0503,-10.44922460623722,114.28332940957175,74895
G0504,5.960308197394184,103.50740555121797,32046
G0505,4.077741780233895,109.68754344371519,34100
G0506,-7.900501734775483,96.82563601762305,94771
G0507,-6.845597245884738,132.41647069849643,91907
G0508,1.3360195764067004,120.36876135447535,38172
G0509,5.063102659442368,124.72271760678919,97196
G0510,0.8104150412157018,99.18329453423583,55119
G0511,-6.0680038065786555,117.25521127401292,41869
G0512,-0.7316168991575438,125.30702546171653,36125
G0513,-9.975845823257215,118.96761519799526,40066
G0514,-6.922659149250027,97.58511045793362,57470
G0515,5.035898170839037,115.69701688125014,58225
G0516,-6.126176734435221,107.75485200777325,21581
G0517,-4.978652877731177,112.25040583162242,96788
G0518,-2.1772083024876476,108.21115599024897,53135
G0519,-5.737850597702307,108.11195725607482,6863
G0520,-9.001860240625048,130.4208504045204,88635
G0521,-3.2492135374536577,106.60769885081865,18744
G0522,-10.540221894088697,140.96295576447693,23145
G0523,-4.928924521161268,138.77121512789603,15936
G0524,-6.527890051356638,114.37968182301948,39686
G0525,-0.32070730097218814,96.31728188608733,58290
G0526,-8.156013880244913,114.72229943835495,41280
G0527,0.9368465893182449,111.28963600187895,54163
G0528,-4.006390110305964,103.08334175983094,32191
G0529,-2.5229765385292335,127.33091619130283,77224
G0530,-4.770858696529662,105.26774181403623,68858
G0531,-8.559195788021889,110.46179330605635,35292
G0532,-8.774443095169131,121.70844429334147,28161
G0533,-8.111326413078107,120.4225860856745,26066
G0534,-0.14133617298370638,114.6183678818052,66119
G0535,-6.1381777264440185,130.53667026104426,13247
G0536,-0.48421908258838187,110.44005566328832,11919
G0537,-7.34367709550268,135.68616365682612,59911
G0538,1.466095785321933,116.18085675986153,9786
G0539,-6.805324844052154,100.88137091767886,73489
G0540,4.010440703313275,106.81554152494968,73494
G0541,-0.9689729893450405,105.32836681196983,44381
G0542,-5.540730748797828,137.3310487802572,85797
G0543,5.044268271406107,118.46001476419227,53497
G0544,-8.72448987362412,127.2917106727592,84418
G0545,5.394904476323411,135.81324911484097,89757
G0546,-10.102295893291402,121.40294398802257,97698
G0547,-1.1008787209882218,97.0680767033012,16746
G0548,2.4980081033622294,97.8956203654503,9640
G0549,1.8515997999069587,102.4884766117842,69218
G0550,0.8828844773627917,111.1379513394797,40199
G0551,-10.517113403272313,104.82676265010393,54265
G0552,-5.609477372864484,98.48197191884874,65946
G0553,-5.735041166154707,113.21281450842847,41190
G0554,-9.831268424111247,135.91772438014033,38135
G0555,1.9428204125809856,128.84465216899247,60728
G0556,-7.021669646804904,120.80658928797702,31707
G0557,5.318192374836318,131.08401445522622,22149
G0558,0.20731654252004716,110.06020581582074,48737
G0559,-0.265663250449899,137.53372839695345,61227
G0560,-9.398235882641469,118.59923256885338,88131
G0561,-7.505372025406317,118.84224561409474,40266
G0562,-5.311681331834112,111.1790009928791,64257
G0563,-6.336278897314262,120.96800075414092,57760
G0564,-5.835297190676926,137.89866757912955,86233
G0565,-6.11054475476081,100.02406688953913,5631
G0566,1.0202887292169844,114.74462915235536,30854
G0567,0.2217623708558243,123.10107496309388,15709
G0568,-10.874553400350688,109.82780453406197,93107
G0569,-7.890552561828287,129.3885671096796,68318
G0570,1.9193873754966493,101.01553272810597,25133
G0571,-1.6135070871366786,126.62046892861721,45683
G0572,-5.557085546907442,114.76504320365564,30826
G0573,3.6200568539240496,95.46193306607675,22607
G0574,-2.514437992074141,140.5087127721493,34775
G0575,-1.601886466254312,110.6531644508554,74841
G0576,1.7657410232788457,117.16461085979319,73761
G0577,-2.5469289699610353,98.43778642625202,18597
G0578,-8.505251475700533,122.85760865849075,52795
G0579,-8.19166389580231,96.29733794648443,48207
G0580,2.9988241677128986,117.82659608597287,63998
G0581,2.4095317082458703,110.12138268725366,94541
G0582,-10.696935234834921,103.65514167039045,33539
G0583,-1.5079867021829667,107.99823874781967,39802
G0584,-4.068758984290353,132.31381098272954,21592
G0585,-9.138403991623056,140.9417105331849,35822
G0586,-2.594308514464352,104.05900673359145,63938
G0587,4.984618553192462,133.70630819447314,21476
G0588,-2.9445267377846314,126.40404994717586,27215
G0589,-0.5976555129869645,111.71795610429088,71390
G0590,4.564244907110215,115.57066703253005,11689
G0591,-7.35730447284661,139.45260231542952,75628
G0592,-3.582103673266394,113.12163773176222,30665
G0593,-6.904055801825637,129.08916933148188,45375
G0594,5.869631945588921,134.05183865388096,71198
G0595,-10.630569884412047,122.45040996222315,52374
G0596,3.44830964738234,122.63888390503818,82859
G0597,-4.077732228460145,118.2864369510443,62518
G0598,5.653245925650687,138.4040780056626,67567
G0599,-3.052328998085902,136.58990668266117,56613
G0600,-0.19430397918581477,134.3256316413839,62970
G0601,-1.326138239285127,132.59845474790646,85436
G0602,-9.18268295149135,123.44319862654659,36348
G0603,5.137473203410206,131.27686257328207,59201
G0604,-0.3505495883618881,127.95966248032741,56207
G0605,-6.149934441602314,138.3491286590358,52775
G0606,-5.363727403609434,108.54980212117509,96328
G0607,-10.455009572734017,116.6235885534167,30374
G0608,-7.281846695488399,116.62183519447453,70280
G0609,-3.7549968964392466,139.30159713121,96700
G0610,-6.577454137607754,133.23327832189852,7023
G0611,-7.586294372395873,98.35594397912074,96398
G0612,-0.5173975425383937,110.74166654817537,72929
G0613,-1.3700124662360835,105.44330150397255,61499
G0614,4.143790447590419,135.17378893587258,26292
G0615,-2.1730139920556066,138.00243886684902,84122
G0616,-1.6099324993180062,106.26427494226354,93194
G0617,-6.684511791692543,95.23916965967908,26550
G0618,4.2970013137049765,128.5511054539866,97602
G0619,5.514762865301996,111.37771918677936,19278
G0620,-2.7455490786817958,126.8768188506281,29909
G0621,-9.75010084262642,123.30486453720684,81641
G0622,-6.37170137637763,95.43874855021306,64606
G0623,-10.817123500997335,124.10528331157307,93289
G0624,-7.796811326273443,125.66355075725997,89277
G0625,-10.776508794834527,95.04776051649593,68241
G0626,-0.02931688013959466,135.94993260302982,75928
G0627,3.0878855565402255,123.22354907844428,9017
G0628,3.7562991271576305,139.5648956364408,19193
G0629,-6.569422007233907,131.36309955318333,95660
G0630,-1.629143654278142,104.46793815984893,20697
G0631,0.9307376255336202,123.59836938608565,99512
G0632,1.377800383217103,96.10012942829358,95398
G0633,-10.38629085287858,108.36362996034549,50050
G0634,-7.142170072595739,123.58042538438444,8227
G0635,-4.549167350617449,96.08065487043925,51422
G0636,-6.416700299321155,111.11554978077368,9247
G0637,2.258140876004754,130.30196109448195,8327
G0638,-8.419733516989599,129.2950754361071,67086
G0639,4.628751475273425,95.52356596947787,22596
G0640,3.6103545711549128,107.80766807797086,23355
G0641,-2.2012403670679532,102.19264772863411,78032
G0642,2.9821051597389037,135.96057737505487,9212
G0643,-4.48015900594281,97.22304520491416,33883
G0644,-8.176889223125599,139.27721137762884,54090
G0645,-5.661404187494575,134.72383994623584,64270
G0646,-10.893056840564176,132.85496163828586,67706
G0647,5.597324897379625,95.00182091447422,79041
G0648,2.1591297566795813,97.19088900881364,10425
G0649,-10.97619284854882,133.5377522807861,10640
G0650,3.0564937107344843,117.8094650673475,48805
G0651,-7.944858332177917,134.4964408810804,89890
G0652,4.779398752535036,130.8879544447559,42951
G0653,-7.602096498212697,125.12523662802016,77038
G0654,-7.383752249470876,99.12477571419198,45702
G0655,4.909246135719531,131.81515840605547,43116
G0656,-2.6495214578275785,99.59705038387973,37432
G0657,-9.363824277192032,131.72633599340827,65688
G0658,-1.5015328001425114,96.25432748320961,99752
G0659,-0.6557556015518919,116.21804225046586,32469
G0660,0.47217596464437506,131.2529877044283,89293
G0661,-3.5905799009535606,95.90355790787767,89767
G0662,1.9430787072572109,121.2611119722861,46275
G0663,1.1533091228978538,139.0543899697747,99617
G0664,-10.870860951654072,127.3188595646314,15727
G0665,-4.264720821761347,135.72854727243885,55091
G0666,-4.6825111556905075,100.36995172216709,17620
G0667,5.2138627280129874,114.50918489108864,50532
G0668,-10.441887804489674,122.57698572682838,24361
G0669,-6.444355998247085,98.51056824167836,84011
G0670,-9.361229287573817,99.06370323056527,48138
G0671,-10.717409498384585,111.7496705294722,76011
G0672,-0.8893339330372445,131.78929815103737,95970
G0673,1.1948575245626856,119.06543779610745,65536
G0674,-4.857601650050848,113.42252940769862,90946
G0675,3.4712633497660477,132.4080974654467,16068
G0676,-10.176800422454615,98.98273923542219,78941
G0677,-2.837463818414191,119.30966607999383,12929
G0678,3.3650846822657847,122.52243712073778,90292
G0679,2.961350820694454,121.26574930730939,70742
G0680,-2.1231741713792616,104.15624256565955,77087
G0681,5.680390577707392,136.3678477629066,37381
G0682,-10.566532355732614,113.11937986982258,98913
G0683,3.1088256904804936,138.4058558278021,54643
G0684,4.069549867867266,103.50661343604054,20059
G0685,-2.487225631455974,106.82541149286503,54440
G0686,1.1175475313171574,102.29743702374189,91134
G0687,-0.7616529105759167,139.75267154692654,59187
G0688,-7.623588415658224,97.89796989112759,64359
G0689,-1.68415734903812,116.29779251126564,65520
G0690,-4.864465242468596,116.46291645530188,49208
G0691,1.9045301726156172,113.43884776532677,83404
G0692,3.4350083803148443,125.14983941918534,35304
G0693,-1.1989935579307343,132.45975494405053,58490
G0694,-3.2896748188706884,100.42213313144524,20293
G0695,0.880158386018147,101.14925225482122,54772
G0696,-5.57144034646841,106.43176542762149,51276
G0697,-2.2822810076212754,140.46485972456853,75642
G0698,-9.127375889753097,133.90254527554984,57250
G0699,1.2132590003553378,98.65066392695488,69307
G0700,-8.02387131886749,133.83684976104647,25150
G0701,-0.13456147105761218,138.71335439001416,79310
G0702,3.5398502491432478,123.39079285429818,68862
G0703,-9.016863090961634,126.46521639338562,49412
G0704,3.6875836079989845,121.74130142281447,51473
G0705,1.647488567676616,108.09620973757278,60423
G0706,-3.942251360004536,97.06342035028383,37958
G0707,-1.3694187298452256,98.79485205464546,86556
G0708,-4.97209507251133,136.09648016298098,20013
G0709,-0.43775157737991677,116.37946052974003,38189
G0710,-5.334724918160986,95.16978727214541,37653
G0711,-4.978815814974537,123.83131796573856,79414
G0712,3.444576418233712,118.03226750983467,55465
G0713,-9.96496980554398,99.56598593339304,90072
G0714,-3.7976773637945502,124.85580576884972,90078
G0715,1.5444837392766289,134.423280306549,13253
G0716,-8.906452256172347,138.735878965605,55883
G0717,0.2701481114253834,131.25374875425578,32490
G0718,1.977880269558126,99.43570400613623,93636
G0719,0.7307897522386604,112.38512002787937,93964
G0720,-0.5148164951760617,127.12576339940375,29702
G0721,2.657508580548484,123.1124183387916,35780
G0722,0.334149191795337,118.72588846384333,31065
G0723,5.8162839398466595,135.04528855820774,94254
G0724,-9.032941651437941,136.30696726493807,42724
G0725,1.6253004419200199,95.76921920907715,55634
G0726,-8.850604453657347,104.65999490426871,33811
G0727,3.859057469825755,116.54509913040502,89029
G0728,3.457525835794586,102.17992968898992,10342
G0729,-10.26856677020349,111.49595668287444,75639
G0730,-6.324376079979412,114.77556981419761,15970
G0731,-10.583174569011861,113.19327102241328,89574
G0732,-1.1571442420269857,121.42095965465032,59157
G0733,2.7676715388331505,111.92203872222285,32460
G0734,-4.536260873507544,121.51952379232029,47537
G0735,0.12668345996741692,131.5907241570394,80438
G0736,-0.8253325383740382,136.52706505800202,68038
G0737,-7.540158677938818,130.47114393117516,72598
G0738,-7.3445878435289655,105.16531287656937,39857
G0739,2.4236308459688214,134.38216097581187,81138
G0740,-5.84921589198084,128.49759960793995,63776
G0741,0.8484603651784148,138.8674577091043,8806
G0742,4.618069345124901,132.55532854457283,37500
G0743,-2.758378363221656,107.52745651055481,59204
G0744,-2.851687592009105,95.86361140671033,23961
G0745,3.0238908312889876,111.41740168925561,25427
G0746,-1.956392895053991,100.67977649849719,12332
G0747,-7.190001902078902,114.74773839561078,56725
G0748,-10.622158225560646,124.9062408046486,8249
G0749,-10.7387385642253,115.4509262399127,14411
G0750,-10.809533670549317,121.45038427157182,53977
G0751,-4.99720431003391,121.25234119944079,67137
G0752,3.4765757623011275,117.15649768590416,98275
G0753,1.5290559114797553,122.51138484083219,27294
G0754,0.4618897714924657,108.4240993498394,54193
G0755,4.702926929034312,140.633014794715,66975
G0756,-0.8715440015758631,114.78399799301451,40378
G0757,-0.7750667116820136,131.6685360919725,33703
G0758,-2.0912872104164197,131.1499824828011,87125
G0759,-7.7406932171688645,112.1402479175166,26209
G0760,5.522419362832689,104.56543932367171,80144
G0761,5.297974041911086,117.99442261519796,49838
G0762,5.4155169332003155,112.19045193511968,50789
G0763,-9.543953523673716,116.67080980082042,20070
G0764,-3.7930723024587047,137.7662513503744,62626
G0765,-3.316862775818201,122.24200781984123,20904
G0766,-3.450533669946079,123.28020262010854,66370
G0767,-9.925719251285205,124.767652972457,94255
G0768,-5.080283420245663,95.4362322210175,27464
G0769,-3.836270869701484,129.60826290322612,46107
G0770,0.8401020379820103,117.29099852894288,24627
G0771,-4.597013950338344,126.27498207605962,74838
G0772,-2.545526053998243,113.36510324240051,98269
G0773,5.24688738994594,95.10825658883073,19645
G0774,4.795356758460446,121.20443449572029,29584
G0775,-6.853087657556646,114.63184340524049,11612
G0776,5.161631725200653,125.43360308874799,94369
G0777,-2.44892261246693,111.99523755997528,73841
G0778,-2.8269610701507126,120.01741702452043,6749
G0779,-2.1209365645260547,106.78113817501693,18317
G0780,-1.0528495104110451,125.68253655548043,82243
G0781,-7.19052935594619,103.11929430489768,90516
G0782,2.9887447445303863,130.82482823563672,69767
G0783,-8.843799762621732,101.19857012926828,84925
G0784,-3.520339771212874,109.50358929809856,39827
G0785,-4.141951989218191,107.38446450036847,40947
G0786,-7.273970885492368,121.75225233214165,28959
G0787,-10.428040605280604,113.64567205542224,77083
G0788,-10.12291507343871,122.03259767465758,33721
G0789,-0.9232425009567944,104.61158657355334,50111
G0790,4.772492512005405,108.10154889813145,53959
G0791,-7.9615199988893925,115.72329313675888,98845
G0792,-7.80934618452927,112.87267276174757,12514
G0793,-5.096713197722536,104.55732771530987,11123
G0794,-8.094941343432001,96.81252347742117,52934
G0795,-3.4829736335663783,128.74539071187732,31394
G0796,-9.701213476988151,95.44392616448792,7759
G0797,4.010938346314644,118.95158234740727,7658
G0798,-10.701858999235883,117.0157887599958,5020
G0799,1.8310280647005772,135.19305684260368,28085
G0800,-0.3400985868950439,126.905675847291,12747
G0801,-7.413521168723791,95.95543513465155,17001
G0802,4.951000468152419,99.57909292721234,31704
G0803,-1.4364240171248142,128.23293379744496,61449
G0804,3.467178899088852,105.51566466927262,29943
G0805,-6.44340822695176,100.92911683661177,79432
G0806,-3.1428542491709486,111.815582478403,26886
G0807,-0.6932751199361391,138.37336513552498,5221
G0808,1.027787443779765,112.85140862831771,78496
G0809,-7.85348728713684,124.27658413196275,33281
G0810,5.236693943459617,107.37657191799885,60181
G0811,0.8112265029871448,130.67417581450735,34314
G0812,5.138174810634311,112.31978153980963,20285
G0813,-7.674191069731918,134.00736494114554,88104
G0814,-2.0795531522385726,129.01217828520018,95500
G0815,-0.604027410384699,100.17083690584384,85573
G0816,-9.779552595549285,106.25362364260585,49794
G0817,-4.826416682279259,107.7308974358586,31975
G0818,5.654826298603936,108.95290343503598,73789
G0819,0.8319922805130684,130.2557671598919,48345
G0820,-6.591789330818533,110.53375585044051,99464
G0821,-7.177395715546991,120.33055021795468,50049
G0822,-7.963402708590218,133.09491758093262,73136
G0823,-10.031458904388415,98.4304529825591,58991
G0824,-9.474785792119308,108.63555376502549,31979
G0825,-2.361368040274833,139.5084177595766,56708
G0826,-5.725741037995861,135.52088715711756,60135
G0827,1.298957430387805,131.40589441238393,46918
G0828,2.6199550867476304,104.78146823650667,33369
G0829,-3.345979443062893,133.1827721351085,65874
G0830,1.0873985894815963,139.12980943567385,31328
G0831,-8.940734657584933,124.34159717900401,62643
G0832,-7.64614407334796,99.46326397360195,33652
G0833,-2.4163383647697323,138.94498710340852,64019
G0834,-4.5992003913490205,95.04433028799556,43405
G0835,5.565302428836343,127.5624391803322,31845
G0836,0.6933105511628952,117.75712225475658,43644
G0837,1.6889577325676726,114.70396434433782,56895
G0838,-2.596365734776022,135.16716644035313,26461
G0839,3.1684555608969376,111.33025703876378,99967
G0840,-7.852204532818963,101.07199594986307,83878
G0841,-4.616026574921786,103.92801961741877,86173
G0842,-0.01907860880344714,106.7815640758146,47576
G0843,-2.4900707601856187,115.04242106335138,12319
G0844,0.05552503546498144,105.46777804856741,84369
G0845,-7.5285920002512405,99.71829211567331,79478
G0846,-10.79396734012438,102.48264784742389,58784
G0847,0.49148104604792664,102.47147716248793,88486
G0848,-1.1297098285789566,138.25564108318414,47157
G0849,0.9683527618947352,111.08623153910804,35185
G0850,-0.15115142853765207,116.18773909622992,85318
G0851,0.00045688139545241313,132.43746131013063,70884
G0852,1.7112507692332386,119.09045780923256,56280
G0853,-9.714091797537106,102.0378903647955,22564
G0854,-2.4314206548775594,131.63028871289896,91194
G0855,3.1950583135175403,126.48036426225137,76481
G0856,3.122888343322211,139.02371696957061,10617
G0857,-7.032910009765338,107.21974992785165,91765
G0858,-4.8252121827460694,102.35156994652989,78839
G0859,4.826834566539873,124.07935921508266,30051
G0860,2.4257652252931834,101.91482465972737,59719
G0861,-10.332386539186558,132.04949215934732,31321
G0862,-7.331251149670579,116.76199616285315,52050
G0863,-0.9518696315856552,139.69340848530217,11648
G0864,-3.0476824259844175,102.98484619511603,43633
G0865,-7.862518338492787,129.90137899726258,29601
G0866,-5.119251041904442,105.93533698326551,91215
G0867,-9.553586664962427,111.21501209140047,56179
G0868,-4.135425795630552,116.00447017194313,17732
G0869,0.6247310308744911,107.87881149521158,8731
G0870,-4.889626943560874,129.37334973963513,36492
G0871,-7.244470091252727,111.38566437605382,77398
G0872,-2.208897562609625,113.9822522940997,20484
G0873,0.9322877866398613,120.54571883762003,39631
G0874,5.366756771450241,122.47563729987687,96397
G0875,-4.92848615677315,123.55572627336744,58527
G0876,-6.107478523963834,124.95493819384447,71879
G0877,-4.378693449076549,120.46284274849502,43125
G0878,5.19880067129268,120.62776206209523,8049
G0879,-4.840081377164006,121.39681851190035,21170
G0880,1.2047126138541255,138.07085443196712,36495
G0881,2.858428162630153,103.26628506514076,86753
G0882,-5.985313537460886,121.57331735590309,32798
G0883,-5.998053916240586,140.7122724469549,31815
G0884,-8.88609079264936,138.87726348286742,71238
G0885,-5.8249323748469015,131.0562749352746,55461
G0886,-6.21359687132771,108.6545274839711,17330
G0887,-2.6654158092042053,131.21236573020332,96581
G0888,2.359179617396345,140.49161736265316,45777
G0889,-5.453059257453543,134.13718817047794,89104
G0890,5.827290038828998,106.04983257143323,60874
G0891,-4.0269520841308815,116.5612823138665,98278
G0892,-2.857995207923137,126.19747801946421,48819
G0893,3.2697072043104285,98.42115189458846,5732
G0894,2.094931512759665,138.60998160558938,47631
G0895,2.877868568552877,110.8334537450193,44629
G0896,5.9791664717013155,118.63177157983243,53290
G0897,3.763467059561849,123.48595858633158,68608
G0898,-9.050465181991001,105.12051678998453,93842
G0899,3.4582829067356418,108.25011090338916,37012
G0900,-4.7610929372439,111.2185133317463,49717
G0901,-0.2377457908516778,128.70390691209448,25156
G0902,-5.657944742301145,132.20595418200602,61410
G0903,-0.07322812513168664,129.41532608905104,65066
G0904,-9.088769749878097,135.53994075040214,42822
G0905,4.8445753988469775,95.88445254598703,71075
G0906,-6.1408639161585095,105.96567951812868,34969
G0907,-9.042046423101436,127.90992454523516,66575
G0908,2.844706241149913,123.13870176888491,93630
G0909,2.0406595868584745,139.09229223428363,82472
G0910,-0.5801962132994376,109.28953757790153,36156
G0911,0.7447587098614701,108.21008711814392,39538
G0912,3.301747202876827,139.65148478830199,9359
G0913,-3.7342438406356973,128.45837442877882,79596
G0914,-2.471046527145324,124.92103493974153,39538
G0915,-9.537831671509116,120.13420483785795,6665
G0916,5.8215309407673885,103.28432768419106,76251
G0917,-1.044448049697447,132.70671087103904,95047
G0918,-10.148189584169536,120.55531420935682,61749
G0919,-10.635030605402983,112.08036273197783,8165
G0920,-1.110536961633752,104.15287889841407,86270
G0921,-1.8950952454606007,96.73102956313025,8865
G0922,-3.2355461783496846,139.9284367872538,20440
G0923,2.7492892991266995,125.24090306710998,38301
G0924,-9.421368809187502,130.7943819085326,76199
G0925,-5.878379767692229,130.34781021336678,75933
G0926,-1.297299660004823,102.08344866635105,92901
G0927,-3.121996443518393,140.05885965036015,70441
G0928,-6.663252739593245,135.95645571564305,87969
G0929,3.003700930526387,126.1619943430694,22397
G0930,-0.2765364809663833,124.90614790178915,65608
G0931,1.9255374446725497,115.77152937250248,67583
G0932,-2.2036719571673746,124.93791049997735,42500
G0933,2.7605496904495386,120.010727136809,26741
G0934,-8.01457190680322,104.29910520312788,83123
G0935,-1.1404996787322812,119.34335791418071,86749
G0936,-5.327966750059896,130.62226977292443,13080
G0937,-3.092103318049186,99.97531902834506,32544
G0938,3.8969591347703645,122.49879447887716,96995
G0939,5.5971927769832135,133.10718008806845,61443
G0940,-7.480214695567224,108.73363718338965,61674
G0941,5.701451744816644,111.61880050137356,92445
G0942,1.2088056532012743,128.41312281686365,96177
G0943,-9.144795856419684,109.45843908026225,38959
G0944,-1.4106061675102382,104.39914983946959,39726
G0945,1.7504736614738121,102.38999294979261,38830
G0946,-1.1340534520607424,125.38959602227091,92513
G0947,-5.262908539780762,107.57935190397748,68780
G0948,-5.681519689413954,117.58697697106022,36057
G0949,-7.408362549760845,133.8092530489329,91874
G0950,-0.7809834919339167,133.94434826335404,50862
G0951,-7.887707017322587,139.61898890853394,6386
G0952,1.534454687238167,124.23045672988037,55799
G0953,0.9490265416321808,128.43929531466785,78276
G0954,-4.371182512317497,135.08473280808659,33778
G0955,2.890869597417817,128.847761409924,71836
G0956,1.4560787739041299,125.50492560408529,13829
G0957,-3.8123120608022907,106.2601736605314,83666
G0958,1.5282307676283207,117.98571939909783,38745
G0959,3.0598083463365153,131.7624601717323,90865
G0960,-10.541098333783902,107.02931046115393,19246
G0961,1.425527514879155,102.29692763130458,73298
G0962,-6.03380227139976,117.99393259074634,96908
G0963,-6.844584035061044,134.83406094070162,88681
G0964,1.3982903820603632,131.12459803088876,33806
G0965,3.2056891846771087,101.19249306141171,70726
G0966,-8.915424618870704,106.59416983107975,65170
G0967,-7.179684087282656,137.73843214583343,49553
G0968,-7.785094499101415,135.50671622898884,53285
G0969,-2.125239550861574,134.59521632021205,9960
G0970,-0.5367016582488393,106.4120105019461,29263
G0971,-4.8457453773681785,123.34340139597455,35221
G0972,-3.6986214827583144,115.92829782003324,59951
G0973,-9.65502746577724,126.38792924274898,44436
G0974,-8.21962124112983,131.87948213898878,59249
G0975,-4.12572152572057,109.90778095909,67625
G0976,5.262288672741967,97.12036518241219,75011
G0977,-0.24761514492601577,100.61332756521038,55704
G0978,1.5060695247714584,134.00019189416503,88928
G0979,-1.8496265146510193,127.49923223847696,25866
G0980,-3.272931734205307,137.91931198875486,16386
G0981,-8.118459551607698,131.97207780579993,41039
G0982,-3.892656917731699,112.41215383095017,86726
G0983,-7.359324700001807,119.4898410517472,59993
G0984,0.9469942975005754,119.51680897571732,70020
G0985,-4.557186133499421,99.53500311163816,19463
G0986,-6.647216148982369,118.08120302562845,85725
G0987,-10.704121095421602,100.74736719483265,95427
G0988,5.97206925796749,109.89744398325709,23904
G0989,-9.288371945119042,139.2285322791057,35281
G0990,-7.770610668148463,104.00647212005386,51637
G0991,-6.41999510772655,107.78755714684348,93873
G0992,1.9085823732378326,104.29848758786208,74731
G0993,5.925016229162864,121.4187174377744,81421
G0994,-10.229931184538255,134.7196692645682,81728
G0995,0.1502356854858764,130.57127355151778,83348
G0996,-4.095557350275868,132.66009974161474,69250
G0997,5.48100997956022,102.25982933728892,73543
G0998,5.082393794793493,130.23382952422182,90928
G0999,-1.4860323603196441,101.02882008786779,75122
G1000,1.1209641965919364,111.39309446760039,88501
