Rank,ID_Gudang,Latitude,Longitude,Kapasitas,Skor_Strategis
1,G0360,-1.824081,117.646957,88516,4868027392.0000
2,G0382,-3.020000,117.277306,7136,4868773888.0000
3,G0677,-2.837464,119.309669,12929,4876833792.0000
4,G0047,-2.299512,116.477158,78579,4879548416.0000
5,G0689,-1.684157,116.297791,65520,4892830208.0000
6,G0778,-2.826961,120.017418,6749,4896122368.0000
7,G0597,-4.077732,118.286438,62518,4897152512.0000
8,G0935,-1.140500,119.343361,86749,4901929472.0000
9,G0358,-3.228703,115.923195,56546,4902245888.0000
10,G0246,-2.777749,115.613121,20805,4906779136.0000
11,G0015,-3.351197,115.786606,44349,4909603328.0000
12,G0891,-4.026952,116.561279,98278,4910131712.0000
13,G0972,-3.698622,115.928299,59951,4914857472.0000
14,G0211,-1.749737,115.503807,9405,4917862912.0000
15,G0843,-2.490071,115.042419,12319,4929868800.0000
16,G0868,-4.135426,116.004471,17732,4929946112.0000
17,G0279,-1.225727,115.502846,36845,4932867584.0000
18,G0430,-4.667978,117.163658,49380,4933033984.0000
19,G0659,-0.655756,116.218040,32469,4933568000.0000
20,G0709,-0.437752,116.379463,38189,4941265920.0000
21,G0690,-4.864465,116.462914,49208,4958432768.0000
22,G0363,-3.684967,121.081306,82621,4958741504.0000
23,G0107,-3.844080,114.945595,96503,4959910400.0000
24,G0877,-4.378694,120.462845,43125,4960652800.0000
25,G0850,-0.151151,116.187737,85318,4964251136.0000
26,G0024,-3.967436,121.004448,11508,4965475840.0000
27,G0161,-0.349448,115.704704,98970,4967432192.0000
28,G0415,0.175946,117.084373,73461,4968195584.0000
29,G0173,-4.638345,120.331619,64892,4970200576.0000
30,G0302,-0.160736,120.105980,56056,4974926848.0000
31,G0722,0.334149,118.725891,31065,4978772480.0000
32,G0756,-0.871544,114.783997,40378,4979948032.0000
33,G0098,-5.153870,116.406311,91378,4980284416.0000
34,G0732,-1.157144,121.420959,59157,4982964736.0000
35,G0116,-5.438431,118.649353,39635,4986638336.0000
36,G0872,-2.208898,113.982254,20484,4989704704.0000
37,G0439,0.478306,117.186958,93750,4990919168.0000
38,G0836,0.693311,117.757126,43644,5005068288.0000
39,G0948,-5.681520,117.586975,36057,5005317632.0000
40,G0765,-3.316863,122.242004,20904,5017890304.0000
41,G0734,-4.536261,121.519524,47537,5020567040.0000
42,G0770,0.840102,117.291000,24627,5021865472.0000
43,G0025,-1.103366,113.782982,5728,5029005824.0000
44,G0534,-0.141336,114.618370,66119,5029412352.0000
45,G0772,-2.545526,113.365105,98269,5030715904.0000
46,G0332,-5.952526,117.387520,58542,5031979520.0000
47,G0879,-4.840081,121.396820,21170,5032238592.0000
48,G0751,-4.997204,121.252342,67137,5035043840.0000
49,G0962,-6.033803,117.993935,96908,5037216256.0000
50,G0468,-1.055851,113.676567,83345,5038084608.0000
51,G0407,-4.393248,113.964104,5910,5039819264.0000
52,G0511,-6.068004,117.255211,41869,5044665856.0000
53,G0299,-5.394921,120.843208,16125,5044851200.0000
54,G0984,0.946994,119.516808,70020,5047818240.0000
55,G0008,-0.848703,113.652420,39441,5048763904.0000
56,G0227,0.221023,114.704849,76489,5050629632.0000
57,G0303,-0.332265,113.914558,35011,5058921472.0000
58,G0108,1.145512,116.761688,42786,5059775488.0000
59,G0370,-1.600764,113.107780,81779,5061580288.0000
60,G0673,1.194857,119.065437,65536,5063034368.0000
61,G0592,-3.582104,113.121635,30665,5065330176.0000
62,G0256,-2.799692,112.881973,78740,5069182976.0000
63,G0048,-1.919879,123.018631,27841,5072485888.0000
64,G0572,-5.557086,114.765045,30826,5074523136.0000
65,G0492,0.616271,114.836411,72480,5076161024.0000
66,G0873,0.932288,120.545715,39631,5080902144.0000
67,G0475,-0.049721,113.826942,46711,5082899968.0000
68,G0326,-2.089881,112.724319,22304,5083352064.0000
69,G0324,0.684490,121.144371,8056,5085880832.0000
70,G0958,1.528231,117.985718,38745,5089400832.0000
71,G0291,1.080435,115.392807,77595,5094313984.0000
72,G0766,-3.450534,123.280205,66370,5101583360.0000
73,G0002,-5.719402,114.503914,36695,5102514176.0000
74,G0986,-6.647216,118.081200,85725,5102909952.0000
75,G0674,-4.857602,113.422531,90946,5104112128.0000
76,G0538,1.466096,116.180855,9786,5107671040.0000
77,G0426,-6.663785,118.794502,69608,5109853696.0000
78,G0508,1.336020,120.368759,38172,5114945024.0000
79,G0267,-3.011937,123.539474,16403,5115688960.0000
80,G0411,-2.073669,123.557663,15606,5116774400.0000
81,G0566,1.020289,114.744629,30854,5118180864.0000
82,G0228,-4.144961,123.195709,29578,5119063040.0000
83,G0852,1.711251,119.090454,56280,5120734720.0000
84,G0576,1.765741,117.164612,73761,5121921024.0000
85,G0130,-3.327535,112.270798,16392,5129821184.0000
86,G0341,0.373298,113.533401,65987,5134279168.0000
87,G0982,-3.892657,112.412155,86726,5134642688.0000
88,G0882,-5.985313,121.573318,32798,5134947328.0000
89,G0563,-6.336279,120.968002,57760,5138851840.0000
90,G0777,-2.448923,111.995239,73841,5145983488.0000
91,G0730,-6.324376,114.775566,15970,5147502592.0000
92,G0251,-6.506719,115.089966,6919,5152262656.0000
93,G0093,-5.856489,113.801750,61360,5157343744.0000
94,G0453,-5.186595,122.926117,44940,5159101952.0000
95,G0195,-2.310199,124.092445,53869,5165268480.0000
96,G0806,-3.142854,111.815582,26886,5168984064.0000
97,G0971,-4.845746,123.343399,35221,5170055168.0000
98,G0071,-6.920912,120.142273,72544,5171916800.0000
99,G0013,-1.809686,124.113525,28949,5173851136.0000
100,G0931,1.925537,115.771530,67583,5174126592.0000
101,G0567,0.221762,123.101074,15709,5179068928.0000
102,G0440,-1.016265,123.987411,70531,5185829376.0000
103,G0115,-3.965733,111.881561,45398,5186598400.0000
104,G0213,-7.321833,117.733543,94031,5186908160.0000
105,G0124,-4.948339,123.459755,89073,5186959360.0000
106,G0260,-5.876803,113.396530,34326,5187145728.0000
107,G0553,-5.735041,113.212814,41190,5187673600.0000
108,G0524,-6.527890,114.379684,39686,5190783488.0000
109,G0837,1.688958,114.703964,56895,5191918592.0000
110,G0875,-4.928486,123.555725,58527,5194196992.0000
111,G0608,-7.281847,116.621834,70280,5195574272.0000
112,G0327,-7.015468,120.539810,43982,5198461440.0000
113,G0862,-7.331251,116.761993,52050,5199324160.0000
114,G0375,-5.915129,122.726593,14517,5205059584.0000
115,G0517,-4.978653,112.250404,96788,5207474688.0000
116,G0983,-7.359325,119.489838,59993,5209185280.0000
117,G0556,-7.021670,120.806587,31707,5210664960.0000
118,G0821,-7.177396,120.330551,50049,5210825216.0000
119,G0775,-6.853087,114.631844,11612,5214709760.0000
120,G0561,-7.505372,118.842247,40266,5216996352.0000
121,G0286,2.371135,116.240112,9033,5217050112.0000
122,G0711,-4.978816,123.831322,79414,5222900736.0000
123,G0589,-0.597656,111.717957,71390,5223774720.0000
124,G0662,1.943079,121.261108,46275,5226148864.0000
125,G0018,-5.233963,112.228928,34809,5227795456.0000
126,G0275,-2.228218,111.185219,25737,5229407744.0000
127,G0808,1.027787,112.851410,78496,5244157440.0000
128,G0747,-7.190002,114.747742,56725,5250691072.0000
129,G0914,-2.471046,124.921036,39538,5252285440.0000
130,G0143,-7.382376,120.699402,99555,5252614656.0000
131,G0319,-5.180366,123.995590,31798,5252891136.0000
132,G0932,-2.203672,124.937912,42500,5255569408.0000
133,G0719,0.730790,112.385117,93964,5255804416.0000
134,G0753,1.529056,122.511383,27294,5256190464.0000
135,G0386,-3.676021,111.044708,77931,5262647808.0000
136,G0036,-7.331052,121.143578,38106,5266513408.0000
137,G0714,-3.797677,124.855804,90078,5267375104.0000
138,G0210,-6.680616,122.488876,26567,5267739136.0000
139,G0277,2.584011,115.553078,95745,5268628992.0000
140,G0113,-1.665457,125.018913,11214,5273617920.0000
141,G0933,2.760550,120.010727,26741,5282224640.0000
142,G0631,0.930738,123.598366,99512,5282911744.0000
143,G0580,2.998824,117.826599,63998,5283850240.0000
144,G0786,-7.273971,121.752251,28959,5292445184.0000
145,G0650,3.056494,117.809464,48805,5292608000.0000
146,G0900,-4.761093,111.218513,49717,5295146496.0000
147,G0691,1.904530,113.438850,83404,5295355904.0000
148,G0575,-1.601887,110.653168,74841,5299581952.0000
149,G0169,0.579355,124.121338,29745,5300611072.0000
150,G0193,-0.120061,111.227371,19740,5302810112.0000
151,G0393,1.126942,112.263092,75368,5304254464.0000
152,G0216,-4.243207,110.831245,59137,5309360128.0000
153,G0217,-3.996242,110.694519,63518,5314058752.0000
154,G0791,-7.961520,115.723289,98845,5316171264.0000
155,G0930,-0.276536,124.906151,65608,5320306176.0000
156,G0021,-7.146958,122.533089,17362,5327469568.0000
157,G0612,-0.517398,110.741669,72929,5332710400.0000
158,G0946,-1.134053,125.389595,92513,5333576704.0000
159,G0290,-4.791471,110.873718,80337,5335008256.0000
160,G0562,-5.311681,111.179001,64257,5337799168.0000
161,G0512,-0.731617,125.307022,36125,5341312512.0000
162,G0533,-8.111326,120.422585,26066,5346005504.0000
163,G0240,-3.477262,125.612083,67488,5346291712.0000
164,G0305,0.572836,111.250816,93158,5352488960.0000
165,G0712,3.444577,118.032265,55465,5353590272.0000
166,G0264,-5.315767,111.022118,61728,5355240960.0000
167,G0752,3.476576,117.156494,98275,5363576832.0000
168,G0236,-2.771846,110.040604,41944,5363780096.0000
169,G0679,2.961351,121.265747,70742,5365329920.0000
170,G0536,-0.484219,110.440056,11919,5369912832.0000
171,G0167,2.363096,113.188370,94273,5371913216.0000
172,G0780,-1.052850,125.682533,82243,5372643328.0000
173,G0296,-7.534572,113.408577,45109,5378159104.0000
174,G0527,0.936847,111.289635,54163,5380970496.0000
175,G0265,-7.475165,113.226395,37956,5383283200.0000
176,G1000,1.120964,111.393097,88501,5388023296.0000
177,G0526,-8.156013,114.722298,41280,5388352000.0000
178,G0414,-8.629848,119.005173,88683,5390274048.0000
179,G0160,3.508667,116.058922,51229,5391826432.0000
180,G0550,0.882885,111.137955,40199,5392131584.0000
181,G0287,3.403143,120.352592,63993,5392542720.0000
182,G0104,2.796082,122.153023,78506,5393816064.0000
183,G0444,3.658014,118.988541,31052,5397258240.0000
184,G0288,-7.778364,113.590141,40307,5399686144.0000
185,G0952,1.534455,124.230453,55799,5405111296.0000
186,G0849,0.968353,111.086235,35185,5405773312.0000
187,G0892,-2.857995,126.197479,48819,5410496512.0000
188,G0634,-7.142170,123.580429,8227,5411039232.0000
189,G0975,-4.125721,109.907784,67625,5415959552.0000
190,G0269,1.919946,111.966949,17733,5419079680.0000
191,G0090,1.035222,124.883797,79563,5422109184.0000
192,G0096,-4.275469,125.999809,94827,5424777216.0000
193,G0129,2.594721,123.021889,82509,5428915712.0000
194,G0876,-6.107479,124.954941,71879,5432346624.0000
195,G0170,3.924371,118.173508,48121,5434541568.0000
196,G0401,-3.266369,109.531776,91409,5437480960.0000
197,G0727,3.859057,116.545097,89029,5438138880.0000
198,G0588,-2.944527,126.404053,27215,5439179264.0000
199,G0094,-1.291285,109.569756,68229,5444635648.0000
200,G0721,2.657509,123.112419,35780,5445023744.0000
201,G0636,-6.416700,111.115547,9247,5446451200.0000
202,G0784,-3.520340,109.503586,39827,5447470080.0000
203,G0009,-8.972774,116.563263,96635,5455618560.0000
204,G0792,-7.809346,112.872673,12514,5457180160.0000
205,G0797,4.010938,118.951584,7658,5457240576.0000
206,G0278,-7.225347,111.945526,55118,5457954816.0000
207,G0558,0.207317,110.060204,48737,5461418496.0000
208,G0389,4.099802,117.150581,38586,5469868032.0000
209,G0908,2.844706,123.138702,93630,5473916416.0000
210,G0771,-4.597014,126.274979,74838,5477661696.0000
211,G0571,-1.613507,126.620468,45683,5478433280.0000
212,G0455,-0.997309,109.383904,89907,5480765952.0000
213,G0381,-0.107705,109.710587,64998,5484324352.0000
214,G0080,2.395598,111.810516,69236,5494318592.0000
215,G0120,4.218013,119.244537,56062,5499392000.0000
216,G0301,-9.230287,119.302238,64505,5499701248.0000
217,G0493,-4.561396,126.473885,40453,5502620672.0000
218,G0620,-2.745549,126.876816,29909,5503732224.0000
219,G0678,3.365085,122.522438,90292,5505617920.0000
220,G0704,3.687584,121.741302,51473,5506860032.0000
221,G0759,-7.740693,112.140251,26209,5509645312.0000
222,G0151,4.334387,118.695053,97515,5511717376.0000
223,G0910,-0.580196,109.289536,36156,5513271296.0000
224,G0532,-8.774443,121.708443,28161,5515052032.0000
225,G0871,-7.244470,111.385666,77398,5515502592.0000
226,G0627,3.087886,123.223549,9017,5516916224.0000
227,G0560,-9.398236,118.599236,88131,5519675392.0000
228,G0466,-3.720024,126.887611,72197,5523823616.0000
229,G0596,3.448310,122.638885,82859,5527407616.0000
230,G0820,-6.591789,110.533752,99464,5530921984.0000
231,G0149,-9.451636,116.994034,10733,5533705728.0000
232,G0733,2.767672,111.922035,32460,5534789632.0000
233,G0133,-0.851770,109.031525,72225,5536315904.0000
234,G0956,1.456079,125.504929,13829,5536873472.0000
235,G0185,2.860862,123.896088,53281,5542629376.0000
236,G0137,-2.217923,127.148903,24644,5544276480.0000
237,G0578,-8.505252,122.857605,52795,5547870720.0000
238,G0039,-3.097973,108.696915,11096,5552870400.0000
239,G0222,4.471368,116.286713,81287,5553966080.0000
240,G0763,-9.543954,116.670807,20070,5556501504.0000
241,G0529,-2.522977,127.330917,77224,5570140160.0000
242,G0800,-0.340099,126.905678,12747,5572528128.0000
243,G0809,-7.853487,124.276581,33281,5572583936.0000
244,G0308,-7.627021,111.326378,56023,5572709376.0000
245,G0915,-9.537831,120.134201,6665,5578525696.0000
246,G0159,-9.747931,117.709305,59578,5582906880.0000
247,G0070,-2.412686,108.462334,21909,5583437824.0000
248,G0027,3.899066,113.485207,73940,5584486400.0000
249,G0938,3.896959,122.498795,96995,5591697920.0000
250,G0590,4.564245,115.570663,11689,5593682944.0000
251,G0720,-0.514817,127.125763,29702,5594723328.0000
252,G0441,-7.221705,110.623734,62267,5595596288.0000
253,G0061,0.097506,126.874413,95961,5596390912.0000
254,G0158,-7.972844,111.574516,57518,5596891136.0000
255,G0702,3.539850,123.390793,68862,5601819648.0000
256,G0979,-1.849627,127.499229,25866,5602299392.0000
257,G0123,-7.066325,110.359589,59735,5607134720.0000
258,G0023,-8.621142,112.529091,34120,5610115072.0000
259,G0458,-0.436874,127.203384,91045,5610548224.0000
260,G0166,-7.426142,110.679764,79852,5615783424.0000
261,G0745,3.023891,111.417404,25427,5621684224.0000
262,G0518,-2.177208,108.211159,53135,5623558144.0000
263,G0653,-7.602097,125.125237,77038,5627052544.0000
264,G0350,-6.840288,125.978523,48871,5632926208.0000
265,G0513,-9.975846,118.967613,40066,5634390528.0000
266,G0171,-0.628657,127.439392,71447,5635813376.0000
267,G0122,-4.557749,127.418633,12661,5638594048.0000
268,G0141,-3.574748,127.706116,76785,5642458112.0000
269,G0353,3.032335,111.206161,10658,5644865024.0000
270,G0385,-10.000109,119.293236,67719,5644933632.0000
271,G0543,5.044268,118.460014,53497,5645170176.0000
272,G0422,-9.957824,116.254417,72947,5645491712.0000
273,G0006,-4.912657,127.328552,56998,5646072320.0000
274,G0897,3.763467,123.485962,68608,5646816768.0000
275,G0839,3.168456,111.330254,99967,5652310016.0000
276,G0337,-1.002122,108.212082,97683,5652347904.0000
277,G0262,2.193299,110.091736,83605,5657229312.0000
278,G0086,1.560776,126.374138,72954,5658688512.0000
279,G0055,-10.144689,118.370461,11712,5661529088.0000
280,G0895,2.877869,110.833450,44629,5662603264.0000
281,G0470,-1.340037,127.803627,70966,5662841344.0000
282,G0434,-2.954425,107.961639,42868,5664507392.0000
283,G0923,2.749289,125.240906,38301,5666822656.0000
284,G0583,-1.507987,107.998238,39802,5669051392.0000
285,G0079,1.876869,109.650795,47375,5674726912.0000
286,G0424,-10.207949,118.572166,36258,5675824128.0000
287,G0774,4.795357,121.204437,29584,5676871168.0000
288,G0515,5.035898,115.697014,58225,5680326144.0000
289,G0606,-5.363728,108.549805,96328,5680573952.0000
290,G0581,2.409532,110.121384,94541,5681477120.0000
291,G0163,-10.240895,119.113380,76859,5689707008.0000
292,G0427,-0.253004,108.213753,33680,5689999360.0000
293,G0352,1.394552,126.761711,72157,5694004224.0000
294,G0761,5.297974,117.994423,49838,5694358016.0000
295,G0284,-9.911986,114.650131,50284,5698231296.0000
296,G0409,3.961279,123.704414,66412,5699690496.0000
297,G0472,-7.964105,110.595856,22597,5700390912.0000
298,G0019,0.471142,108.463829,18420,5702642688.0000
299,G0754,0.461890,108.424103,54193,5707893760.0000
300,G0436,-5.762376,127.316582,38048,5708270592.0000
301,G0602,-9.182683,123.443199,36348,5709496320.0000
302,G0918,-10.148190,120.555313,61749,5712211968.0000
303,G0624,-7.796811,125.663551,89277,5716934144.0000
304,G0395,-10.371509,119.250847,66977,5718921728.0000
305,G0045,-10.328058,116.065407,42435,5724837376.0000
306,G0803,-1.436424,128.232941,61449,5729332736.0000
307,G0878,5.198801,120.627762,8049,5730091520.0000
308,G0604,-0.350550,127.959663,56207,5732340736.0000
309,G0743,-2.758378,107.527458,59204,5733778432.0000
310,G0410,-3.743987,107.645569,23460,5733983232.0000
311,G0042,-5.749017,127.496803,28028,5734190080.0000
312,G0607,-10.455009,116.623589,30374,5737161728.0000
313,G0886,-6.213597,108.654526,17330,5739798016.0000
314,G0546,-10.102296,121.402946,97698,5742214656.0000
315,G0354,0.825703,127.493362,27112,5745996288.0000
316,G0831,-8.940735,124.341599,62643,5749986304.0000
317,G0307,5.411109,120.131622,43248,5754819584.0000
318,G0383,5.285417,115.072594,13996,5755078656.0000
319,G0692,3.435008,125.149841,35304,5759105536.0000
320,G0911,0.744759,108.210091,39538,5764391424.0000
321,G0394,2.494530,109.558754,77955,5764392448.0000
322,G0667,5.213863,114.509186,50532,5767789056.0000
323,G0076,-2.354854,128.559723,20788,5768409600.0000
324,G0043,5.550964,116.223465,44128,5769371136.0000
325,G0913,-3.734244,128.458374,79596,5769695744.0000
326,G0037,2.732105,126.111511,99146,5770382336.0000
327,G0817,-4.826416,107.730896,31975,5771555840.0000
328,G0099,-7.984808,125.904625,63068,5773471232.0000
329,G0519,-5.737851,108.111954,6863,5778193408.0000
330,G0798,-10.701859,117.015785,5020,5782077952.0000
331,G0788,-10.122915,122.032600,33721,5782587904.0000
332,G0329,5.515743,120.332535,87312,5783652352.0000
333,G0017,-9.651834,123.311478,51471,5783972864.0000
334,G0202,3.753944,124.914131,38839,5784651776.0000
335,G0328,-10.381701,121.128265,43648,5784737792.0000
336,G0345,-0.970735,107.389885,15213,5787379712.0000
337,G0785,-4.141952,107.384468,40947,5792982528.0000
338,G0442,3.486830,110.483109,42256,5794688000.0000
339,G0621,-9.750101,123.304863,81641,5801992192.0000
340,G0869,0.624731,107.878815,8731,5806348288.0000
341,G0531,-8.559196,110.461792,35292,5807075328.0000
342,G0126,-10.328358,121.804367,6147,5810068480.0000
343,G0243,5.336512,121.698837,61809,5811096576.0000
344,G0795,-3.482974,128.745392,31394,5811613696.0000
345,G0929,3.003701,126.161995,22397,5815796736.0000
346,G0473,-2.055524,107.022827,41631,5822007296.0000
347,G0255,-8.133410,126.137093,80577,5824686592.0000
348,G0503,-10.449224,114.283333,74895,5825472000.0000
349,G0947,-5.262908,107.579353,68780,5826022400.0000
350,G0749,-10.738739,115.450928,14411,5830902784.0000
351,G0896,5.979167,118.631775,53290,5842163712.0000
352,G0399,2.304548,108.791969,29255,5845367808.0000
353,G0814,-2.079553,129.012177,95500,5849604096.0000
354,G0317,-10.139700,123.009941,74220,5854136832.0000
355,G0685,-2.487226,106.825409,54440,5854381568.0000
356,G0787,-10.428041,113.645676,77083,5859963904.0000
357,G0314,5.972334,116.181999,77268,5860454400.0000
358,G0901,-0.237746,128.703903,25156,5862865408.0000
359,G0359,-0.166501,107.187874,78516,5863438336.0000
360,G0779,-2.120937,106.781136,18317,5864198144.0000
361,G0128,-10.592482,114.112938,84422,5864909824.0000
362,G0874,5.366757,122.475639,96397,5866812928.0000
363,G0091,5.495609,113.770592,47141,5868402688.0000
364,G0516,-6.126177,107.754852,21581,5870390784.0000
365,G0705,1.647489,108.096207,60423,5871402496.0000
366,G0498,2.956628,126.634651,99845,5871639552.0000
367,G0471,-3.589348,129.080811,63334,5873355264.0000
368,G0940,-7.480215,108.733635,61674,5874680832.0000
369,G0380,-10.449948,113.480461,53227,5875576320.0000
370,G0253,-9.130066,110.639503,85882,5882047488.0000
371,G0668,-10.441888,122.576988,24361,5883107328.0000
372,G0258,3.233215,109.437843,68946,5885609984.0000
373,G0855,3.195058,126.480362,76481,5886006272.0000
374,G0750,-10.809534,121.450386,53977,5890527232.0000
375,G0859,4.826835,124.079361,30051,5891734016.0000
376,G0991,-6.419995,107.787560,93873,5894385664.0000
377,G0867,-9.553587,111.215012,56179,5895611904.0000
378,G0521,-3.249213,106.607697,18744,5901080064.0000
379,G0740,-5.849216,128.497604,63776,5902607360.0000
380,G0812,5.138175,112.319778,20285,5904516608.0000
381,G0953,0.949027,128.439301,78276,5908331008.0000
382,G0595,-10.630569,122.450409,52374,5913378304.0000
383,G0993,5.925016,121.418716,81421,5919286272.0000
384,G0103,-0.533809,129.128998,63127,5920661504.0000
385,G0731,-10.583175,113.193268,89574,5923260416.0000
386,G0682,-10.566532,113.119377,98913,5925261312.0000
387,G0105,-8.098853,126.943375,41573,5927670784.0000
388,G0942,1.208806,128.413116,96177,5928610816.0000
389,G0449,-10.544846,113.010277,22867,5928899584.0000
390,G0371,-4.663130,129.145309,18280,5929665024.0000
391,G0438,2.838021,108.704292,91097,5929729536.0000
392,G0497,2.705983,127.296242,50409,5929991168.0000
393,G0842,-0.019079,106.781563,47576,5944080896.0000
394,G0156,5.001772,124.373550,12874,5953977856.0000
395,G0150,-0.106313,106.662125,42168,5959871488.0000
396,G0477,-8.331716,126.970703,81691,5966385152.0000
397,G0616,-1.609933,106.264275,93194,5967746048.0000
398,G0762,5.415517,112.190453,50789,5971575808.0000
399,G0767,-9.925719,124.767654,94255,5971858944.0000
400,G0769,-3.836271,129.608261,46107,5977025536.0000
401,G0957,-3.812312,106.260170,83666,5980653056.0000
402,G0970,-0.536702,106.412010,29263,5980775936.0000
403,G0310,5.089599,111.396301,12889,5981095424.0000
404,G0870,-4.889627,129.373352,36492,5984015872.0000
405,G0102,-6.068999,107.029259,47960,5986601984.0000
406,G0505,4.077742,109.687546,34100,5989625856.0000
407,G0060,4.024875,109.610435,5924,5990494208.0000
408,G0454,3.494094,126.907288,31009,5990564864.0000
409,G0101,1.720268,128.497818,69269,5996375040.0000
410,G0903,-0.073228,129.415329,65066,5999555584.0000
411,G0509,5.063103,124.722717,97196,6001498112.0000
412,G0729,-10.268567,111.495956,75639,6004388352.0000
413,G0703,-9.016863,126.465218,49412,6007919616.0000
414,G0919,-10.635031,112.080360,8165,6024117248.0000
415,G0943,-9.144795,109.458443,38959,6028552192.0000
416,G0418,3.836998,109.068504,96972,6031394304.0000
417,G0250,-3.630384,105.952835,87002,6033245696.0000
418,G0378,0.365133,106.428894,53233,6035155968.0000
419,G0157,1.496689,106.978882,44644,6039301120.0000
420,G0696,-5.571440,106.431763,51276,6049967616.0000
421,G0857,-7.032910,107.219749,91765,6056176640.0000
422,G0330,-10.103735,110.677422,63743,6057515008.0000
423,G0368,2.994189,127.885590,64160,6059937792.0000
424,G0178,5.021932,110.526886,14806,6060943872.0000
425,G0247,0.343887,106.264465,88586,6063995904.0000
426,G0619,5.514763,111.377716,19278,6068331008.0000
427,G0369,-0.276837,129.867691,58991,6071405568.0000
428,G0671,-10.717409,111.749672,76011,6071561728.0000
429,G0331,-1.125343,130.083420,7466,6072304128.0000
430,G0544,-8.724490,127.291710,84418,6073803264.0000
431,G0280,5.582391,124.416138,74282,6074863104.0000
432,G0555,1.942820,128.844650,60728,6080615424.0000
433,G0941,5.701452,111.618797,92445,6083248640.0000
434,G0623,-10.817123,124.105286,93289,6086165504.0000
435,G0899,3.458283,108.250114,37012,6088924672.0000
436,G0192,3.054979,107.841637,42536,6091429888.0000
437,G0469,-3.589017,130.277695,43297,6097831936.0000
438,G0776,5.161632,125.433601,94369,6098848256.0000
439,G0335,1.292175,106.506134,28602,6102323712.0000
440,G0272,-10.964595,111.919891,32323,6107999232.0000
441,G0866,-5.119251,105.935333,91215,6109536768.0000
442,G0593,-6.904056,129.089172,45375,6110214656.0000
443,G0973,-9.655027,126.387932,44436,6110553088.0000
444,G0748,-10.622158,124.906242,8249,6125180416.0000
445,G0282,-5.785612,106.113861,94425,6126824448.0000
446,G0613,-1.370013,105.443298,61499,6133492224.0000
447,G0501,5.564099,110.846764,75779,6133737472.0000
448,G0244,1.165483,129.633179,5353,6139255296.0000
449,G0207,2.804725,107.294220,83673,6144985088.0000
450,G0362,-4.904280,105.675240,33079,6145971200.0000
451,G0026,-7.713270,128.772812,13069,6156452352.0000
452,G0184,-1.087772,105.363113,56691,6158942208.0000
453,G0541,-0.968973,105.328369,44381,6170567168.0000
454,G0480,-6.409970,129.745132,90663,6175600640.0000
455,G0640,3.610355,107.807671,23355,6181106688.0000
456,G0906,-6.140864,105.965683,34969,6186779648.0000
457,G0040,-9.408505,127.289200,49282,6189141504.0000
458,G0038,1.059380,105.915306,87070,6189938688.0000
459,G0844,0.055525,105.467781,84369,6197168640.0000
460,G0257,-9.392384,108.537712,76514,6198873088.0000
461,G0824,-9.474786,108.635551,31979,6199359488.0000
462,G0271,-2.526894,105.023186,15818,6202530816.0000
463,G0955,2.890870,128.847763,71836,6202720768.0000
464,G0186,-0.847462,130.712570,61499,6208805888.0000
465,G0435,-6.076065,130.133224,65544,6217011200.0000
466,G0220,4.805842,126.915245,78442,6218003968.0000
467,G0907,-9.042047,127.909927,66575,6218239488.0000
468,G0530,-4.770859,105.267738,68858,6219190784.0000
469,G0404,-4.072230,105.074150,30910,6224039936.0000
470,G0490,-0.652627,130.754349,36086,6226321920.0000
471,G0819,0.831992,130.255768,48345,6227397632.0000
472,G0087,-8.090254,128.914520,84612,6232940032.0000
473,G0995,0.150236,130.571274,83348,6236639744.0000
474,G0261,-7.830931,129.163589,59204,6239555072.0000
475,G0925,-5.878380,130.347809,75933,6241082368.0000
476,G0226,-4.809918,130.765884,33893,6247460864.0000
477,G0443,-0.999163,104.933891,32824,6250352640.0000
478,G0936,-5.327967,130.622269,13080,6252067328.0000
479,G0464,1.320092,105.703537,52382,6255784448.0000
480,G0054,-7.943727,129.190308,34822,6259781120.0000
481,G0758,-2.091287,131.149979,87125,6264952320.0000
482,G0294,-2.705943,131.211044,26159,6275270144.0000
483,G0887,-2.665416,131.212372,96581,6275384832.0000
484,G0569,-7.890553,129.388565,68318,6287373824.0000
485,G0022,-2.704520,104.603554,47379,6291462144.0000
486,G0208,-10.363506,109.138229,61597,6297275392.0000
487,G0535,-6.138178,130.536667,13247,6301505024.0000
488,G0489,-8.889304,107.320198,21477,6301784064.0000
489,G0075,-6.206183,130.516586,17224,6303870976.0000
490,G0811,0.811226,130.674179,34314,6308777472.0000
491,G0568,-10.874554,109.827805,93107,6312830976.0000
492,G0789,-0.923243,104.611588,50111,6321350144.0000
493,G0988,5.972069,109.897446,23904,6328219648.0000
494,G0630,-1.629144,104.467941,20697,6329944576.0000
495,G0320,-0.962931,104.559273,30248,6330945024.0000
496,G0790,4.772492,108.101547,53959,6335306752.0000
497,G0144,-9.772039,108.074348,78270,6336057344.0000
498,G0235,2.386536,130.019165,21082,6347273728.0000
499,G0638,-8.419733,129.295074,67086,6347279360.0000
500,G0944,-1.410606,104.399147,39726,6350389248.0000
501,G0346,2.845071,129.738831,36618,6355066368.0000
502,G0854,-2.431421,131.630295,91194,6365490176.0000
503,G0298,-3.167152,131.618607,84078,6367269888.0000
504,G0618,4.297001,128.551102,97602,6373532160.0000
505,G0865,-7.862518,129.901382,29601,6376854016.0000
506,G0059,3.353092,106.408424,25897,6377653248.0000
507,G0046,3.132008,129.646271,15883,6378439680.0000
508,G0885,-5.824933,131.056274,55461,6379167744.0000
509,G0373,2.881011,129.849762,84292,6380603904.0000
510,G0273,-9.909446,107.937149,19264,6382441984.0000
511,G0818,5.654826,108.952904,73789,6384481792.0000
512,G0637,2.258141,130.301956,8327,6385781248.0000
513,G0717,0.270148,131.253754,32490,6386053120.0000
514,G0112,5.799322,109.152336,46496,6387243008.0000
515,G0793,-5.096713,104.557327,11123,6387600896.0000
516,G0117,0.481534,104.682571,86478,6388705280.0000
517,G0680,-2.123174,104.156242,77087,6390201856.0000
518,G0483,-3.600143,104.172897,22913,6400298496.0000
519,G0660,0.472176,131.252991,89293,6400966144.0000
520,G0540,4.010441,106.815544,73494,6409793536.0000
521,G0586,-2.594309,104.059006,63938,6410127872.0000
522,G0633,-10.386291,108.363632,50050,6410307584.0000
523,G0920,-1.110537,104.152878,86270,6413847040.0000
524,G0757,-0.775067,131.668533,33703,6414312448.0000
525,G0125,-1.708586,104.060402,23765,6417657856.0000
526,G0183,3.667756,129.475632,75885,6428328960.0000
527,G0312,-5.414691,131.444550,27310,6428610048.0000
528,G0966,-8.915424,106.594170,65170,6429577728.0000
529,G0672,-0.889334,131.789291,95970,6435866624.0000
530,G0737,-7.540159,130.471146,72598,6442953728.0000
531,G0735,0.126683,131.590729,80438,6448340992.0000
532,G0406,1.515327,104.834290,74651,6449865728.0000
533,G0964,1.398290,131.124603,33806,6456045056.0000
534,G0835,5.565302,127.562439,31845,6457852416.0000
535,G0738,-7.344588,105.165314,39857,6474377216.0000
536,G0237,5.756997,127.409042,56880,6474615808.0000
537,G0664,-10.870861,127.318863,15727,6474746880.0000
538,G0405,-1.224472,103.832817,96318,6481483776.0000
539,G0484,5.749574,108.401108,66761,6481585664.0000
540,G0182,-1.077178,132.041779,68922,6484638208.0000
541,G0841,-4.616026,103.928017,86173,6496479232.0000
542,G0827,1.298957,131.405899,46918,6505493504.0000
543,G0174,-10.523770,128.041473,64061,6510571520.0000
544,G0629,-6.569422,131.363098,95660,6512486912.0000
545,G0342,-10.808412,127.674431,94586,6513093120.0000
546,G0457,-0.904835,103.688354,58391,6525929472.0000
547,G0408,-9.711137,106.803993,54487,6529766400.0000
548,G0041,-6.400769,104.387627,41196,6531613184.0000
549,G0139,-7.856374,105.199089,54863,6533637120.0000
550,G0423,5.804333,127.747948,74759,6534002688.0000
551,G0164,-9.918503,128.919403,18907,6534801408.0000
552,G0810,5.236694,107.376572,60181,6536338944.0000
553,G0221,-10.381596,107.487679,83946,6542983168.0000
554,G0259,1.730047,104.485176,60256,6545640448.0000
555,G0062,-8.720554,105.784737,88138,6546055680.0000
556,G0584,-4.068759,132.313812,21592,6546381824.0000
557,G0293,-5.901577,131.842758,60516,6553151488.0000
558,G0109,4.119615,106.102692,82119,6554581504.0000
559,G0197,-7.765337,105.012215,95853,6559013376.0000
560,G0804,3.467179,105.515663,29943,6561394176.0000
561,G0292,4.463561,106.366058,8307,6565716992.0000
562,G0693,-1.198994,132.459763,58490,6575648768.0000
563,G0304,2.277447,131.241516,89800,6577732096.0000
564,G0782,2.988745,130.824829,69767,6584787456.0000
565,G0828,2.619955,104.781471,33369,6589169664.0000
566,G0467,-0.364455,132.390457,43525,6597057024.0000
567,G0088,-2.569111,103.239082,35749,6598047744.0000
568,G0374,-4.582911,132.446396,8530,6599552000.0000
569,G0241,-10.843906,107.713684,46155,6600147456.0000
570,G0601,-1.326138,132.598450,85436,6603698176.0000
571,G0224,-6.655730,131.753677,36534,6604709376.0000
572,G0992,1.908582,104.298485,74731,6605024768.0000
573,G0902,-5.657945,132.205948,61410,6613957120.0000
574,G0058,-0.991623,132.592514,62433,6614151168.0000
575,G0199,5.396838,128.795380,83619,6617011200.0000
576,G0996,-4.095557,132.660095,69250,6627522048.0000
577,G0851,0.000457,132.437454,70884,6629541376.0000
578,G0816,-9.779552,106.253624,49794,6638490112.0000
579,G0917,-1.044448,132.706711,95047,6638848512.0000
580,G0520,-9.001861,130.420853,88635,6644807168.0000
581,G0960,-10.541099,107.029312,19246,6648889856.0000
582,G0864,-3.047683,102.984848,43633,6662241792.0000
583,G0528,-4.006390,103.083344,32191,6663547392.0000
584,G0100,-5.307272,132.576401,31780,6672783872.0000
585,G0384,-4.763304,103.184341,13190,6675496448.0000
586,G0274,-0.358506,132.733612,30825,6677136896.0000
587,G0189,5.938439,128.703308,36896,6710700032.0000
588,G0476,1.936578,132.079422,88050,6718778368.0000
589,G0898,-9.050466,105.120514,93842,6727063040.0000
590,G0829,-3.345979,133.182770,65874,6730620928.0000
591,G0934,-8.014572,104.299103,83123,6740765184.0000
592,G0234,3.162949,104.400116,16294,6742079488.0000
593,G0295,-7.916435,104.205055,94292,6747519488.0000
594,G0153,-1.213152,102.685112,69936,6751291904.0000
595,G0219,-7.900878,104.121193,18972,6763451392.0000
596,G0283,-1.577695,102.577332,79946,6767752704.0000
597,G0478,-6.671484,103.432602,95978,6770743296.0000
598,G0990,-7.770611,104.006470,51637,6771125248.0000
599,G0507,-6.845597,132.416473,91907,6771378688.0000
600,G0215,4.678703,105.430054,40194,6776739328.0000
601,G0924,-9.421369,130.794388,76199,6786777088.0000
602,G0726,-8.850604,104.659996,33811,6787985920.0000
603,G0959,3.059808,131.762466,90865,6790062080.0000
604,G0233,0.050230,133.125900,90636,6794875392.0000
605,G0177,0.551539,102.869850,65894,6801961472.0000
606,G0998,5.082394,130.233826,90928,6811181568.0000
607,G0084,0.518390,133.060989,16620,6812211200.0000
608,G0340,-5.362896,133.153458,40120,6812642304.0000
609,G0083,-4.575327,102.559616,35931,6815575040.0000
610,G0974,-8.219622,131.879486,59249,6822989312.0000
611,G0001,-1.831315,102.332954,93697,6823301632.0000
612,G0229,3.185650,104.020821,40558,6826275840.0000
613,G0981,-8.118460,131.972076,41039,6828854272.0000
614,G0263,-7.233716,103.445435,92070,6829672960.0000
615,G0148,2.428409,132.396896,8078,6847544320.0000
616,G0641,-2.201240,102.192650,78032,6854133760.0000
617,G0390,-2.260765,102.139290,64339,6867224576.0000
618,G0479,-6.574111,102.954979,67561,6871886336.0000
619,G0890,5.827290,106.049835,60874,6879115776.0000
620,G0858,-4.825212,102.351570,78839,6880471552.0000
621,G0652,4.779399,130.887955,42951,6882223616.0000
622,G0847,0.491481,102.471474,88486,6893916672.0000
623,G0316,3.462844,103.875816,11403,6897607680.0000
624,G0926,-1.297300,102.083450,92901,6898185216.0000
625,G0421,1.949980,132.863647,9181,6899046912.0000
626,G0781,-7.190529,103.119293,90516,6899639808.0000
627,G0097,2.868469,103.437668,28012,6911842816.0000
628,G0204,-8.785589,131.989792,25587,6929725440.0000
629,G0154,4.331584,104.357025,5649,6931620864.0000
630,G0610,-6.577454,133.233276,7023,6933842432.0000
631,G0881,2.858428,103.266289,86753,6949421568.0000
632,G0950,-0.780984,133.944351,50862,6952300032.0000
633,G0092,-8.559048,103.667862,7851,6954975232.0000
634,G0657,-9.363824,131.726334,65688,6966138368.0000
635,G0500,-10.400133,130.880417,28135,6979964928.0000
636,G0072,-7.971589,132.762390,55242,6985132544.0000
637,G0686,1.117548,102.297440,91134,6987571200.0000
638,G0675,3.471263,132.408096,16068,6990325760.0000
639,G0188,2.775203,102.965958,32960,7007887872.0000
640,G0549,1.851600,102.488480,69218,7012539904.0000
641,G0355,4.990554,131.361343,25920,7015479808.0000
642,G0961,1.425528,102.296928,73298,7016106496.0000
643,G0392,-4.709371,101.786781,24718,7016653824.0000
644,G0557,5.318192,131.084015,22149,7020033024.0000
645,G0603,5.137473,131.276855,59201,7025126400.0000
646,G0945,1.750474,102.389992,38830,7025830400.0000
647,G0398,-10.712822,105.051468,22183,7039230464.0000
648,G0223,-2.980898,134.439667,51371,7042652160.0000
649,G0551,-10.517114,104.826759,54265,7045403136.0000
650,G0437,3.258271,132.802628,57175,7049270784.0000
651,G0281,-1.324687,101.485367,44758,7051514880.0000
652,G0822,-7.963403,133.094925,73136,7060968960.0000
653,G0889,-5.453059,134.137192,89104,7062372352.0000
654,G0684,4.069550,103.506615,20059,7071623168.0000
655,G0155,-1.213042,101.420174,38703,7071971840.0000
656,G0600,-0.194304,134.325638,62970,7079680000.0000
657,G0969,-2.125240,134.595215,9960,7084307968.0000
658,G0655,4.909246,131.815155,43116,7095175680.0000
659,G0760,5.522419,104.565437,80144,7102664704.0000
660,G0978,1.506070,134.000198,88928,7128565760.0000
661,G0429,-6.936006,102.040482,64334,7131046912.0000
662,G0248,3.016237,133.347137,47415,7143498240.0000
663,G0180,-7.469451,133.730942,84571,7151338496.0000
664,G0413,-6.209759,101.657745,38060,7156769280.0000
665,G0367,-6.525300,101.761292,91982,7159575040.0000
666,G0949,-7.408362,133.809250,91874,7163343872.0000
667,G0999,-1.486032,101.028824,75122,7168635392.0000
668,G0201,5.758675,131.414551,57571,7171205632.0000
669,G0140,-10.038766,132.152466,93080,7173175808.0000
670,G0239,0.678554,134.517685,51945,7188503040.0000
671,G0333,1.239899,134.350677,6161,7192561664.0000
672,G0391,4.453120,132.637466,53921,7195475968.0000
673,G0212,-8.377804,102.501801,40527,7196531200.0000
674,G0007,4.276988,132.784363,18060,7199594496.0000
675,G0004,2.380089,133.926498,20098,7204388352.0000
676,G0861,-10.332387,132.049500,31321,7204723712.0000
677,G0742,4.618069,132.555328,37500,7204895232.0000
678,G0254,0.567914,134.614471,34669,7205326336.0000
679,G0016,-2.632450,100.820732,5888,7213194240.0000
680,G0860,2.425765,101.914825,59719,7218250752.0000
681,G0645,-5.661404,134.723846,64270,7229360128.0000
682,G0838,-2.596366,135.167160,26461,7235433984.0000
683,G0715,1.544484,134.423279,13253,7239938048.0000
684,G0813,-7.674191,134.007370,88104,7244158464.0000
685,G0700,-8.023871,133.836853,25150,7246525952.0000
686,G0238,-8.677328,102.462486,44068,7248888832.0000
687,G0031,2.192211,134.193756,66980,7249636864.0000
688,G0954,-4.371182,135.084732,33778,7250674176.0000
689,G0746,-1.956393,100.679779,12332,7254889984.0000
690,G0187,2.192445,134.231186,45255,7259125760.0000
691,G0695,0.880158,101.149254,54772,7261013504.0000
692,G0020,-4.044072,135.231293,97991,7278019584.0000
693,G0131,-6.707001,101.362343,69307,7279713280.0000
694,G0403,1.660457,101.332756,14007,7283155456.0000
695,G0285,-9.445111,102.822769,75336,7283752960.0000
696,G0365,-0.517473,135.169510,5707,7286645760.0000
697,G0728,3.457526,102.179932,10342,7287390208.0000
698,G0491,5.993654,131.767563,6725,7289981952.0000
699,G0419,-9.331765,133.227798,23046,7292619776.0000
700,G0357,-9.580297,133.055710,44027,7293763072.0000
701,G0487,-6.611345,101.238548,19432,7302522368.0000
702,G0376,-4.601725,135.277695,78103,7313627648.0000
703,G0582,-10.696936,103.655144,33539,7321598976.0000
704,G0739,2.423631,134.382156,81138,7324129792.0000
705,G0977,-0.247615,100.613327,55704,7329636864.0000
706,G0694,-3.289675,100.422134,20293,7330342400.0000
707,G0494,5.124718,103.114578,70743,7337753600.0000
708,G0268,2.877182,134.222809,49936,7339638272.0000
709,G0230,3.329025,133.990952,89666,7342249984.0000
710,G0347,-2.129400,100.337952,31651,7347798016.0000
711,G0343,-2.363338,135.586456,10329,7351823872.0000
712,G0461,-2.747989,135.611847,40196,7358603776.0000
713,G0963,-6.844584,134.834061,88681,7362131456.0000
714,G0805,-6.443408,100.929115,79432,7368162304.0000
715,G0056,2.926559,101.538651,14258,7374691328.0000
716,G0106,3.225425,101.654175,98059,7384946176.0000
717,G0570,1.919387,101.015533,25133,7392613376.0000
718,G0666,-4.682511,100.369949,17620,7393709056.0000
719,G0651,-7.944859,134.496445,89890,7400924160.0000
720,G0504,5.960308,103.507408,32046,7408530944.0000
721,G0539,-6.805325,100.881371,73489,7415778304.0000
722,G0698,-9.127376,133.902542,57250,7420328960.0000
723,G0665,-4.264721,135.728546,55091,7423866368.0000
724,G0242,-3.062393,135.852524,9447,7428663808.0000
725,G0916,5.821531,103.284325,76251,7429985792.0000
726,G0315,-5.802366,100.494911,56275,7431018496.0000
727,G0815,-0.604027,100.170837,85573,7435061248.0000
728,G0459,3.069601,101.369057,37599,7436404224.0000
729,G0496,-1.919492,135.881668,54204,7439571968.0000
730,G0425,-8.547909,134.350067,74533,7444918784.0000
731,G0826,-5.725741,135.520889,60135,7448800768.0000
732,G0937,-3.092103,99.975319,32544,7452807168.0000
733,G0252,0.725700,135.512619,73150,7458680320.0000
734,G0249,-10.942580,103.210564,91755,7465536000.0000
735,G0799,1.831028,135.193054,28085,7470963712.0000
736,G0388,-7.274776,135.109406,69024,7480442368.0000
737,G0840,-7.852204,101.071999,83878,7483601920.0000
738,G0338,-4.590732,135.894409,27014,7484535808.0000
739,G0646,-10.893057,132.854965,67706,7485428736.0000
740,G0200,-1.348809,136.006836,8935,7487821312.0000
741,G0965,3.205689,101.192490,70726,7499712000.0000
742,G0939,5.597193,133.107178,61443,7504337920.0000
743,G0396,4.627741,133.853729,86731,7507383296.0000
744,G0010,-9.054691,101.613617,88052,7511979520.0000
745,G0853,-9.714092,102.037888,22564,7513312768.0000
746,G0626,-0.029317,135.949936,75928,7529456128.0000
747,G0587,4.984619,133.706314,21476,7532871168.0000
748,G0448,-2.290153,136.228867,68795,7534722048.0000
749,G0225,5.950045,133.030884,87762,7554372096.0000
750,G0656,-2.649521,99.597054,37432,7557615616.0000
751,G0708,-4.972095,136.096481,20013,7561312768.0000
752,G0486,-6.395628,135.750153,34953,7566577152.0000
753,G0432,-1.344379,99.615700,16540,7567349760.0000
754,G0049,0.285273,99.872116,31375,7567886848.0000
755,G0127,-2.356794,99.541618,54770,7573741056.0000
756,G0783,-8.843800,101.198570,84925,7585263616.0000
757,G0565,-6.110545,100.024063,5631,7585923072.0000
758,G0997,5.481010,102.259827,73543,7598406656.0000
759,G0846,-10.793967,102.482651,58784,7601032192.0000
760,G0067,-5.739927,136.094849,18522,7610178048.0000
761,G0985,-4.557186,99.535004,19463,7624171008.0000
762,G0119,4.408155,134.475571,54382,7624272384.0000
763,G0599,-3.052329,136.589905,56613,7641171456.0000
764,G0537,-7.343677,135.686157,59911,7643458560.0000
765,G0968,-7.785094,135.506714,53285,7645810176.0000
766,G0928,-6.663253,135.956451,87969,7648519168.0000
767,G0649,-10.976192,133.537750,10640,7655811584.0000
768,G0736,-0.825333,136.527069,68038,7655874048.0000
769,G0276,4.896914,134.335587,89410,7670156800.0000
770,G0387,-8.275844,135.371567,14462,7671583744.0000
771,G0456,4.962455,134.316971,74117,7676732928.0000
772,G0502,-6.091808,136.264343,18489,7685406720.0000
773,G0364,-10.477382,101.872284,75001,7686171648.0000
774,G0431,-8.828939,100.735771,68001,7702773760.0000
775,G0066,5.797328,133.820236,25019,7707172864.0000
776,G0485,0.745242,136.406357,13100,7711755264.0000
777,G0030,-9.374303,134.991638,91571,7730652672.0000
778,G0474,-8.324273,135.605057,89888,7740482048.0000
779,G0190,0.600720,99.338966,15196,7742320640.0000
780,G0379,5.530423,101.658623,66732,7750980608.0000
781,G0032,5.822052,133.989822,85115,7752064512.0000
782,G0495,-7.669875,99.966072,29200,7758217728.0000
783,G0614,4.143790,135.173782,26292,7761351168.0000
784,G0377,-5.341732,136.717178,80392,7762553344.0000
785,G0146,-1.682864,137.008011,61451,7772000768.0000
786,G0594,5.869632,134.051834,71198,7775793152.0000
787,G0510,0.810415,99.183296,55119,7803022336.0000
788,G0994,-10.229931,134.719666,81728,7803037184.0000
789,G0325,2.111652,99.574501,49998,7807512064.0000
790,G0707,-1.369419,98.794853,86556,7809343488.0000
791,G0845,-7.528592,99.718292,79478,7810827264.0000
792,G0642,2.982105,135.960571,9212,7811127296.0000
793,G0181,-4.029941,137.153000,17001,7829677056.0000
794,G0206,1.933010,99.430786,83984,7830072832.0000
795,G0904,-9.088770,135.539948,42822,7830341632.0000
796,G0035,2.237965,99.536308,86051,7831731200.0000
797,G0718,1.977880,99.435707,93636,7833200128.0000
798,G0446,-0.320434,98.796432,97015,7847735808.0000
799,G0121,5.376230,134.744522,13953,7854997504.0000
800,G0462,-10.269906,134.933044,52567,7863609344.0000
801,G0349,-0.870753,137.296738,77722,7882798080.0000
802,G0085,4.451285,135.462601,83112,7884605952.0000
803,G0832,-7.646144,99.463264,33652,7896026112.0000
804,G0577,-2.546929,98.437790,18597,7903469056.0000
805,G0081,-5.642654,137.291656,5984,7952723456.0000
806,G0152,0.265662,98.551231,64420,7954015744.0000
807,G0542,-5.540731,137.331055,85797,7957735936.0000
808,G0654,-7.383752,99.124779,45702,7963474432.0000
809,G0559,-0.265663,137.533722,61227,7981836800.0000
810,G0488,-10.716843,100.820427,54853,7989298688.0000
811,G0699,1.213259,98.650665,69307,7992425472.0000
812,G0552,-5.609478,98.481972,65946,7996719104.0000
813,G0482,-4.708786,137.626297,60093,8000456192.0000
814,G0987,-10.704121,100.747368,95427,8005528064.0000
815,G0132,-10.134619,100.349533,66660,8008676352.0000
816,G0764,-3.793072,137.766251,62626,8009799168.0000
817,G0723,5.816284,135.045288,94254,8010002944.0000
818,G0297,-7.333384,98.903770,87789,8022134272.0000
819,G0339,-7.627790,136.940369,23800,8028806144.0000
820,G0724,-9.032942,136.306961,42724,8029938688.0000
821,G0114,2.119191,98.798332,38804,8032548352.0000
822,G0191,-9.574616,136.022705,37157,8033776128.0000
823,G0554,-9.831268,135.917725,38135,8046317568.0000
824,G0980,-3.272932,137.919312,16386,8046487552.0000
825,G0669,-6.444356,98.510567,84011,8052700672.0000
826,G0135,3.305908,136.678467,79628,8053313536.0000
827,G0615,-2.173014,138.002441,84122,8069015552.0000
828,G0011,-8.829084,99.380219,92406,8069952512.0000
829,G0044,4.769701,135.972000,85036,8070867968.0000
830,G0231,-6.570471,98.442642,74228,8084082176.0000
831,G0205,2.084065,137.380264,79212,8115942912.0000
832,G0110,4.837112,99.715889,94741,8132087296.0000
833,G0545,5.394905,135.813248,89757,8133114368.0000
834,G0136,4.639652,136.290802,73857,8136580096.0000
835,G0564,-5.835297,137.898666,86233,8150829568.0000
836,G0499,4.780134,99.609474,73734,8152001536.0000
837,G0445,-7.571387,137.398010,25053,8156816896.0000
838,G0848,-1.129710,138.255646,47157,8169761280.0000
839,G0802,4.951001,99.579094,31704,8187866112.0000
840,G0713,-9.964970,99.565987,90072,8189992448.0000
841,G0611,-7.586294,98.355942,96398,8211010048.0000
842,G0175,1.491196,137.902328,30423,8217203200.0000
843,G0967,-7.179684,137.738434,49553,8217468928.0000
844,G0807,-0.693275,138.373367,5221,8222764032.0000
845,G0670,-9.361229,99.063705,48138,8235367936.0000
846,G0082,-9.987277,99.399292,20445,8239248384.0000
847,G0880,1.204713,138.070862,36495,8244712960.0000
848,G0336,-6.447330,97.809158,8806,8266204160.0000
849,G0266,-6.099737,138.211380,11047,8267172864.0000
850,G0893,3.269707,98.421150,5732,8274823680.0000
851,G0138,-6.000435,138.270981,5736,8278328320.0000
852,G0321,3.756177,137.280670,76434,8285828096.0000
853,G0313,5.335340,99.437981,75183,8290064384.0000
854,G0605,-6.149934,138.349121,52775,8314076160.0000
855,G0005,-8.532844,98.363762,71324,8321859584.0000
856,G0433,1.799015,97.731117,86761,8323345408.0000
857,G0309,1.741751,97.705360,50886,8326053376.0000
858,G0643,-4.480159,97.223045,33883,8326953472.0000
859,G0402,-6.421241,138.325653,43543,8328420864.0000
860,G0681,5.680390,136.367844,37381,8331000320.0000
861,G0232,-5.112460,138.620758,56388,8331848192.0000
862,G0334,-10.234315,99.176971,50441,8340866048.0000
863,G0548,2.498008,97.895622,9640,8342718976.0000
864,G0688,-7.623589,97.897972,64359,8352860672.0000
865,G0547,-1.100879,97.068077,16746,8356904960.0000
866,G0701,-0.134561,138.713348,79310,8356950528.0000
867,G0147,3.974882,137.425873,29903,8358231552.0000
868,G0706,-3.942251,97.063423,37958,8358990336.0000
869,G0033,-10.065725,99.004265,54242,8361318400.0000
870,G0465,4.636433,137.114243,79451,8365670400.0000
871,G0833,-2.416338,138.944992,64019,8368055808.0000
872,G0523,-4.928925,138.771210,15936,8370309120.0000
873,G0514,-6.922659,97.585114,57470,8377902080.0000
874,G0676,-10.176801,98.982742,78941,8385385984.0000
875,G0452,-0.597761,138.882370,24905,8389298176.0000
876,G0165,4.124617,137.541031,82614,8412855808.0000
877,G0203,-4.371952,138.979248,39074,8412932096.0000
878,G0074,-3.795808,139.065994,82390,8422794240.0000
879,G0014,0.553507,138.842163,48868,8439039488.0000
880,G0064,-4.049746,96.797897,13734,8448608768.0000
881,G0921,-1.895095,96.731033,8865,8449905664.0000
882,G0741,0.848460,138.867462,8806,8467631104.0000
883,G0894,2.094932,138.609985,47631,8492287488.0000
884,G0609,-3.754997,139.301590,96700,8498865152.0000
885,G0162,1.569498,138.786621,71454,8499279872.0000
886,G0050,4.770323,98.320786,87132,8513402880.0000
887,G0823,-10.031459,98.430450,58991,8518199808.0000
888,G0450,-3.311437,96.529022,71655,8519067648.0000
889,G0648,2.159130,97.190887,10425,8526166016.0000
890,G0412,5.554742,98.698898,50593,8532141568.0000
891,G0683,3.108826,138.405853,54643,8539025920.0000
892,G0194,-7.084426,97.117203,13127,8539576832.0000
893,G0034,-6.823059,138.890335,43585,8540822016.0000
894,G0172,5.551353,137.225479,71590,8544968704.0000
895,G0663,1.153309,139.054398,99617,8550332928.0000
896,G0428,4.388518,137.885666,85629,8551815680.0000
897,G0825,-2.361368,139.508423,56708,8553207296.0000
898,G0372,-3.090228,139.524338,8576,8560704000.0000
899,G0830,1.087399,139.129807,31328,8569480192.0000
900,G0176,-2.294820,139.588638,18098,8580179968.0000
901,G0397,-10.343571,98.369873,41692,8585713664.0000
902,G0460,2.822952,138.721024,14456,8603377664.0000
903,G0658,-1.501533,96.254326,99752,8614318080.0000
904,G0525,-0.320707,96.317284,58290,8632096768.0000
905,G0451,-1.864676,96.181686,46400,8632388608.0000
906,G0909,2.040660,139.092285,82472,8639247360.0000
907,G0863,-0.951870,139.693405,11648,8641561600.0000
908,G0416,-5.894657,139.454788,35311,8649445376.0000
909,G0053,-0.451767,139.676315,66547,8655425536.0000
910,G0218,3.248676,97.142151,47811,8659889152.0000
911,G0057,-5.947884,96.442596,74472,8662196224.0000
912,G0417,3.500692,138.651489,51870,8662293504.0000
913,G0134,-2.803535,139.845657,22572,8665682944.0000
914,G0687,-0.761653,139.752670,59187,8668105728.0000
915,G0051,4.332108,138.398621,37470,8696469504.0000
916,G0922,-3.235546,139.928436,20440,8697391104.0000
917,G0089,-5.620878,96.261375,62113,8699843584.0000
918,G0635,-4.549167,96.080658,51422,8703790080.0000
919,G0447,0.600205,139.652649,60140,8705258496.0000
920,G0506,-7.900502,96.825638,94771,8715663360.0000
921,G0716,-8.906452,138.735886,55883,8722944000.0000
922,G0856,3.122888,139.023712,10617,8732210176.0000
923,G0661,-3.590580,95.903557,89767,8733137920.0000
924,G0744,-2.851688,95.863609,23961,8736150528.0000
925,G0927,-3.121996,140.058853,70441,8739938304.0000
926,G0794,-8.094941,96.812523,52934,8741646336.0000
927,G0078,-6.058897,139.718735,6654,8747705344.0000
928,G0311,-10.395494,138.098221,73912,8750070784.0000
929,G0884,-8.886091,138.877258,71238,8763901952.0000
930,G0591,-7.357305,139.452606,75628,8771076096.0000
931,G0063,-0.853694,140.132706,51594,8792154112.0000
932,G0644,-8.176889,139.277206,54090,8802293760.0000
933,G0632,1.377800,96.100128,95398,8809114624.0000
934,G0052,0.437673,140.029816,87732,8819950592.0000
935,G0012,-10.355157,138.369598,89618,8823537664.0000
936,G0209,5.520946,138.247726,47940,8833503232.0000
937,G0068,-2.042616,140.445175,38991,8871083008.0000
938,G0697,-2.282281,140.464859,75642,8875743232.0000
939,G0951,-7.887707,139.618988,6386,8879403008.0000
940,G0318,-3.409609,95.447662,76768,8884368384.0000
941,G0356,-9.451244,96.898331,12490,8887370752.0000
942,G0574,-2.514438,140.508713,34775,8889985024.0000
943,G0598,5.653246,138.404083,67567,8901145600.0000
944,G0361,-4.896905,95.530563,14399,8904290304.0000
945,G0579,-8.191664,96.297340,48207,8916602880.0000
946,G0989,-9.288372,139.228531,35281,8926658560.0000
947,G0322,-9.088265,96.578941,65005,8937382912.0000
948,G0725,1.625300,95.769218,55634,8938701824.0000
949,G0976,5.262289,97.120369,75011,8944561152.0000
950,G0801,-7.413521,95.955437,17001,8945208320.0000
951,G0768,-5.080284,95.436234,27464,8945288192.0000
952,G0028,-4.751670,140.544739,10337,8949607424.0000
953,G0912,3.301747,139.651489,9359,8951910400.0000
954,G0198,-0.042426,95.399971,23868,8953637888.0000
955,G0628,3.756299,139.564896,19193,8979592192.0000
956,G0003,5.576039,138.753906,26669,8992246784.0000
957,G0344,-7.984441,139.936508,88325,8992737280.0000
958,G0366,-6.611374,140.368011,21068,9005434880.0000
959,G0348,-4.051805,95.116501,16675,9013220352.0000
960,G0111,-4.823713,95.182701,72140,9019387904.0000
961,G0622,-6.371701,95.438751,64606,9026392064.0000
962,G0710,-5.334725,95.169785,37653,9049499648.0000
963,G0214,-8.499660,139.933945,30378,9050249216.0000
964,G0323,0.911236,95.269852,25062,9053248512.0000
965,G0142,-2.593816,140.991379,60622,9056269312.0000
966,G0834,-4.599200,95.044327,43405,9057270784.0000
967,G0883,-5.998054,140.712265,31815,9076170752.0000
968,G0095,-7.692944,140.325195,50763,9089685504.0000
969,G0300,-9.820993,139.586243,33175,9112938496.0000
970,G0617,-6.684512,95.239166,26550,9118309376.0000
971,G0888,2.359180,140.491623,45777,9125465088.0000
972,G0481,2.603134,140.460815,12247,9139362816.0000
973,G0179,-6.721644,140.820267,25108,9166707712.0000
974,G0145,1.575726,95.076866,93708,9167424512.0000
975,G0400,-6.273516,140.949265,25771,9176148992.0000
976,G0306,2.063536,95.164902,13543,9178551296.0000
977,G0289,-9.715995,96.006454,87183,9203051520.0000
978,G0270,-8.280200,140.479996,24385,9203232768.0000
979,G0463,2.279644,140.813858,56943,9225655296.0000
980,G0069,2.885164,95.225052,24097,9237577728.0000
981,G0573,3.620057,95.461929,22607,9241102336.0000
982,G0118,-8.153291,140.675797,38698,9254035456.0000
983,G0077,-7.160967,140.983215,70828,9259258880.0000
984,G0196,3.299247,95.292740,96478,9259904000.0000
985,G0073,4.664273,140.071579,25548,9260889088.0000
986,G0905,4.844575,95.884453,71075,9264463872.0000
987,G0065,-10.040857,95.799774,29945,9314621440.0000
988,G0351,-10.996598,139.751038,5387,9344070656.0000
989,G0639,4.628751,95.523567,22596,9349695488.0000
990,G0245,-9.637083,140.470428,41298,9367985152.0000
991,G0796,-9.701214,95.443924,7759,9380619264.0000
992,G0168,-9.997272,140.437775,47444,9407554560.0000
993,G0755,4.702927,140.633011,66975,9445838848.0000
994,G0585,-9.138404,140.941711,35822,9456701440.0000
995,G0420,5.725372,95.675255,93054,9461338112.0000
996,G0029,-10.041707,140.724854,53683,9506016256.0000
997,G0773,5.246887,95.108253,19645,9569998848.0000
998,G0522,-10.540222,140.962952,23145,9654619136.0000
999,G0647,5.597325,95.001823,79041,9655459840.0000
1000,G0625,-10.776508,95.047760,68241,9662638080.0000
